Vessel_ID,Timestamp,Fuel_Used_L_Hr,Load_Weight_Tons
VSL-100,2025-01-01 04:00:00,89.39,17581
VSL-100,2025-01-01 08:00:00,110.42,16660
VSL-100,2025-01-01 12:00:00,114.45,21712
VSL-100,2025-01-01 16:00:00,140.0,9504
VSL-100,2025-01-01 20:00:00,84.34,11722
VSL-100,2025-01-02 00:00:00,89.33,9945
VSL-100,2025-01-02 04:00:00,133.36,15468
VSL-100,2025-01-02 08:00:00,107.77,19150
VSL-100,2025-01-02 12:00:00,114.75,14188
VSL-100,2025-01-02 16:00:00,128.08,6133
VSL-100,2025-01-02 20:00:00,95.11,14342
VSL-100,2025-01-03 00:00:00,135.22,19365
VSL-100,2025-01-03 04:00:00,147.28,22424
VSL-100,2025-01-03 08:00:00,140.42,20865
VSL-100,2025-01-03 12:00:00,115.42,18713
VSL-100,2025-01-03 16:00:00,121.45,16965
VSL-100,2025-01-03 20:00:00,92.79,15920
VSL-100,2025-01-04 00:00:00,100.67,6682
VSL-100,2025-01-04 04:00:00,145.22,18787
VSL-100,2025-01-04 08:00:00,77.59,13356
VSL-100,2025-01-04 12:00:00,137.54,21559
VSL-100,2025-01-04 16:00:00,123.87,7148
VSL-100,2025-01-04 20:00:00,89.4,19705
VSL-100,2025-01-05 00:00:00,88.65,17758
VSL-100,2025-01-05 04:00:00,112.17,6624
VSL-100,2025-01-05 08:00:00,114.42,10995
VSL-100,2025-01-05 12:00:00,123.2,13591
VSL-100,2025-01-05 16:00:00,134.23,10873
VSL-100,2025-01-05 20:00:00,127.64,12858
VSL-100,2025-01-06 00:00:00,136.62,17475
VSL-100,2025-01-06 04:00:00,95.57,21545
VSL-100,2025-01-06 08:00:00,131.07,17926
VSL-100,2025-01-06 12:00:00,117.64,20390
VSL-100,2025-01-06 16:00:00,119.19,8782
VSL-100,2025-01-06 20:00:00,124.61,7934
VSL-100,2025-01-07 00:00:00,107.03,14891
VSL-100,2025-01-07 04:00:00,129.87,22410
VSL-100,2025-01-07 08:00:00,100.95,18652
VSL-100,2025-01-07 12:00:00,114.89,6461
VSL-100,2025-01-07 16:00:00,116.64,17746
VSL-100,2025-01-07 20:00:00,109.42,17844
VSL-100,2025-01-08 00:00:00,93.42,17766
VSL-100,2025-01-08 04:00:00,135.74,5957
VSL-100,2025-01-08 08:00:00,120.98,15675
VSL-100,2025-01-08 12:00:00,107.44,17719
VSL-100,2025-01-08 16:00:00,120.4,5031
VSL-100,2025-01-08 20:00:00,93.68,13572
VSL-100,2025-01-09 00:00:00,90.34,11715
VSL-100,2025-01-09 04:00:00,119.12,6745
VSL-100,2025-01-09 08:00:00,99.05,14945
VSL-100,2025-01-09 12:00:00,120.03,17051
VSL-100,2025-01-09 16:00:00,97.67,15453
VSL-100,2025-01-09 20:00:00,115.45,12719
VSL-100,2025-01-10 00:00:00,83.62,12218
VSL-100,2025-01-10 04:00:00,140.31,19401
VSL-100,2025-01-10 08:00:00,123.4,20353
VSL-100,2025-01-10 12:00:00,105.04,22424
VSL-100,2025-01-10 16:00:00,128.43,8751
VSL-100,2025-01-10 20:00:00,113.36,12366
VSL-100,2025-01-11 00:00:00,130.01,12134
VSL-100,2025-01-11 04:00:00,133.23,13336
VSL-100,2025-01-11 08:00:00,104.27,17607
VSL-100,2025-01-11 12:00:00,124.48,20268
VSL-100,2025-01-11 16:00:00,104.76,11903
VSL-100,2025-01-11 20:00:00,103.78,21916
VSL-100,2025-01-12 00:00:00,106.56,16920
VSL-100,2025-01-12 04:00:00,117.51,10059
VSL-100,2025-01-12 08:00:00,105.85,9067
VSL-100,2025-01-12 12:00:00,140.35,6397
VSL-100,2025-01-12 16:00:00,97.45,11489
VSL-100,2025-01-12 20:00:00,104.06,12179
VSL-100,2025-01-13 00:00:00,115.34,8207
VSL-100,2025-01-13 04:00:00,135.97,11230
VSL-100,2025-01-13 08:00:00,105.24,12950
VSL-100,2025-01-13 12:00:00,80.87,16386
VSL-100,2025-01-13 16:00:00,146.09,19997
VSL-100,2025-01-13 20:00:00,115.5,17720
VSL-100,2025-01-14 00:00:00,123.76,22586
VSL-100,2025-01-14 04:00:00,105.42,11359
VSL-100,2025-01-14 08:00:00,131.74,18626
VSL-100,2025-01-14 12:00:00,105.78,12714
VSL-100,2025-01-14 16:00:00,133.11,11534
VSL-100,2025-01-14 20:00:00,98.79,10297
VSL-100,2025-01-15 00:00:00,107.75,12580
VSL-100,2025-01-15 04:00:00,84.12,6769
VSL-100,2025-01-15 08:00:00,89.97,9251
VSL-100,2025-01-15 12:00:00,127.82,10512
VSL-100,2025-01-15 16:00:00,94.03,13570
VSL-100,2025-01-15 20:00:00,102.01,14915
VSL-100,2025-01-16 00:00:00,100.52,11463
VSL-100,2025-01-16 04:00:00,113.15,19913
VSL-100,2025-01-16 08:00:00,97.68,21121
VSL-100,2025-01-16 12:00:00,82.98,8623
VSL-100,2025-01-16 16:00:00,123.75,8104
VSL-100,2025-01-16 20:00:00,114.53,15886
VSL-100,2025-01-17 00:00:00,129.51,19248
VSL-100,2025-01-17 04:00:00,101.8,15608
VSL-100,2025-01-17 08:00:00,119.44,21959
VSL-100,2025-01-17 12:00:00,145.42,17676
VSL-100,2025-01-17 16:00:00,98.63,5158
VSL-101,2025-01-01 04:00:00,109.11,82678
VSL-101,2025-01-01 08:00:00,103.26,83707
VSL-101,2025-01-01 12:00:00,96.25,27751
VSL-101,2025-01-01 16:00:00,82.61,64836
VSL-101,2025-01-01 20:00:00,96.44,81825
VSL-101,2025-01-02 00:00:00,107.46,46782
VSL-101,2025-01-02 04:00:00,137.52,98905
VSL-101,2025-01-02 08:00:00,107.32,44108
VSL-101,2025-01-02 12:00:00,118.87,61418
VSL-101,2025-01-02 16:00:00,98.45,23776
VSL-101,2025-01-02 20:00:00,123.55,100829
VSL-101,2025-01-03 00:00:00,107.91,78296
VSL-101,2025-01-03 04:00:00,119.49,68728
VSL-101,2025-01-03 08:00:00,113.05,14005
VSL-101,2025-01-03 12:00:00,85.75,99727
VSL-101,2025-01-03 16:00:00,122.05,88522
VSL-101,2025-01-03 20:00:00,122.04,79844
VSL-101,2025-01-04 00:00:00,137.76,54083
VSL-101,2025-01-04 04:00:00,108.8,18738
VSL-101,2025-01-04 08:00:00,140.85,20722
VSL-101,2025-01-04 12:00:00,116.0,51496
VSL-101,2025-01-04 16:00:00,99.89,15538
VSL-101,2025-01-04 20:00:00,106.49,54847
VSL-101,2025-01-05 00:00:00,125.08,15077
VSL-101,2025-01-05 04:00:00,91.86,97936
VSL-101,2025-01-05 08:00:00,79.44,75426
VSL-101,2025-01-05 12:00:00,77.64,10364
VSL-101,2025-01-05 16:00:00,107.85,79938
VSL-101,2025-01-05 20:00:00,85.58,64383
VSL-101,2025-01-06 00:00:00,108.2,16230
VSL-101,2025-01-06 04:00:00,99.58,40040
VSL-101,2025-01-06 08:00:00,73.2,33279
VSL-101,2025-01-06 12:00:00,111.22,16437
VSL-101,2025-01-06 16:00:00,99.29,44712
VSL-101,2025-01-06 20:00:00,106.11,17224
VSL-101,2025-01-07 00:00:00,100.04,30453
VSL-101,2025-01-07 04:00:00,127.82,14214
VSL-101,2025-01-07 08:00:00,132.33,43333
VSL-101,2025-01-07 12:00:00,90.16,89323
VSL-101,2025-01-07 16:00:00,87.69,10849
VSL-101,2025-01-07 20:00:00,121.33,23876
VSL-101,2025-01-08 00:00:00,117.62,87337
VSL-101,2025-01-08 04:00:00,135.53,23265
VSL-101,2025-01-08 08:00:00,73.0,53176
VSL-101,2025-01-08 12:00:00,92.71,53275
VSL-101,2025-01-08 16:00:00,95.01,91533
VSL-101,2025-01-08 20:00:00,102.28,45967
VSL-101,2025-01-09 00:00:00,111.35,91727
VSL-101,2025-01-09 04:00:00,78.91,80948
VSL-101,2025-01-09 08:00:00,81.69,51342
VSL-101,2025-01-09 12:00:00,106.25,34109
VSL-101,2025-01-09 16:00:00,119.5,58729
VSL-101,2025-01-09 20:00:00,86.57,35082
VSL-101,2025-01-10 00:00:00,136.42,88918
VSL-101,2025-01-10 04:00:00,107.43,5436
VSL-101,2025-01-10 08:00:00,124.41,68196
VSL-101,2025-01-10 12:00:00,112.24,90581
VSL-101,2025-01-10 16:00:00,89.53,54573
VSL-101,2025-01-10 20:00:00,132.1,20825
VSL-101,2025-01-11 00:00:00,105.65,105917
VSL-101,2025-01-11 04:00:00,81.08,56964
VSL-101,2025-01-11 08:00:00,116.16,38816
VSL-101,2025-01-11 12:00:00,82.51,24127
VSL-101,2025-01-11 16:00:00,94.8,74115
VSL-101,2025-01-11 20:00:00,92.0,102885
VSL-101,2025-01-12 00:00:00,119.69,47528
VSL-101,2025-01-12 04:00:00,85.73,33834
VSL-101,2025-01-12 08:00:00,84.27,60076
VSL-101,2025-01-12 12:00:00,119.24,83878
VSL-101,2025-01-12 16:00:00,126.21,27196
VSL-101,2025-01-12 20:00:00,126.97,98629
VSL-101,2025-01-13 00:00:00,89.88,39099
VSL-101,2025-01-13 04:00:00,119.42,16748
VSL-101,2025-01-13 08:00:00,91.52,39268
VSL-101,2025-01-13 12:00:00,115.24,100755
VSL-101,2025-01-13 16:00:00,97.31,33097
VSL-101,2025-01-13 20:00:00,131.11,105840
VSL-101,2025-01-14 00:00:00,132.03,98631
VSL-101,2025-01-14 04:00:00,111.09,73328
VSL-101,2025-01-14 08:00:00,92.32,97669
VSL-101,2025-01-14 12:00:00,95.47,15112
VSL-101,2025-01-14 16:00:00,96.72,93027
VSL-101,2025-01-14 20:00:00,72.76,54076
VSL-101,2025-01-15 00:00:00,82.95,38140
VSL-101,2025-01-15 04:00:00,102.19,72752
VSL-101,2025-01-15 08:00:00,137.21,73974
VSL-101,2025-01-15 12:00:00,85.68,65538
VSL-101,2025-01-15 16:00:00,124.69,68028
VSL-101,2025-01-15 20:00:00,131.43,76567
VSL-101,2025-01-16 00:00:00,79.1,58161
VSL-101,2025-01-16 04:00:00,110.47,79529
VSL-101,2025-01-16 08:00:00,103.87,21776
VSL-101,2025-01-16 12:00:00,74.67,46992
VSL-101,2025-01-16 16:00:00,105.89,71126
VSL-101,2025-01-16 20:00:00,99.75,7391
VSL-101,2025-01-17 00:00:00,94.27,78277
VSL-101,2025-01-17 04:00:00,129.64,13372
VSL-101,2025-01-17 08:00:00,89.56,27333
VSL-101,2025-01-17 12:00:00,102.1,30353
VSL-101,2025-01-17 16:00:00,98.62,58957
VSL-102,2025-01-01 04:00:00,180.21,43200
VSL-102,2025-01-01 08:00:00,198.62,34208
VSL-102,2025-01-01 12:00:00,167.99,76758
VSL-102,2025-01-01 16:00:00,170.29,35519
VSL-102,2025-01-01 20:00:00,186.18,19720
VSL-102,2025-01-02 00:00:00,191.44,41552
VSL-102,2025-01-02 04:00:00,186.16,77092
VSL-102,2025-01-02 08:00:00,170.91,82717
VSL-102,2025-01-02 12:00:00,138.18,90839
VSL-102,2025-01-02 16:00:00,180.46,81921
VSL-102,2025-01-02 20:00:00,170.69,18815
VSL-102,2025-01-03 00:00:00,195.32,38560
VSL-102,2025-01-03 04:00:00,181.21,47510
VSL-102,2025-01-03 08:00:00,183.03,63835
VSL-102,2025-01-03 12:00:00,146.72,70035
VSL-102,2025-01-03 16:00:00,156.31,55617
VSL-102,2025-01-03 20:00:00,186.34,22806
VSL-102,2025-01-04 00:00:00,150.32,48891
VSL-102,2025-01-04 04:00:00,172.48,66765
VSL-102,2025-01-04 08:00:00,140.12,25923
VSL-102,2025-01-04 12:00:00,157.43,84949
VSL-102,2025-01-04 16:00:00,190.18,88491
VSL-102,2025-01-04 20:00:00,191.43,94046
VSL-102,2025-01-05 00:00:00,191.03,6072
VSL-102,2025-01-05 04:00:00,180.06,78807
VSL-102,2025-01-05 08:00:00,155.73,58224
VSL-102,2025-01-05 12:00:00,177.86,96952
VSL-102,2025-01-05 16:00:00,155.64,44382
VSL-102,2025-01-05 20:00:00,164.18,60645
VSL-102,2025-01-06 00:00:00,167.28,74051
VSL-102,2025-01-06 04:00:00,158.38,79345
VSL-102,2025-01-06 08:00:00,155.58,87179
VSL-102,2025-01-06 12:00:00,161.02,64183
VSL-102,2025-01-06 16:00:00,151.19,69090
VSL-102,2025-01-06 20:00:00,165.48,28352
VSL-102,2025-01-07 00:00:00,189.17,57713
VSL-102,2025-01-07 04:00:00,162.25,66199
VSL-102,2025-01-07 08:00:00,179.49,74374
VSL-102,2025-01-07 12:00:00,200.01,56461
VSL-102,2025-01-07 16:00:00,190.83,28687
VSL-102,2025-01-07 20:00:00,198.3,26747
VSL-102,2025-01-08 00:00:00,147.53,73130
VSL-102,2025-01-08 04:00:00,160.06,85905
VSL-102,2025-01-08 08:00:00,194.78,61049
VSL-102,2025-01-08 12:00:00,167.49,97058
VSL-102,2025-01-08 16:00:00,146.4,28369
VSL-102,2025-01-08 20:00:00,158.66,12227
VSL-102,2025-01-09 00:00:00,193.37,23565
VSL-102,2025-01-09 04:00:00,151.17,70664
VSL-102,2025-01-09 08:00:00,148.12,46966
VSL-102,2025-01-09 12:00:00,169.35,6665
VSL-102,2025-01-09 16:00:00,185.63,5993
VSL-102,2025-01-09 20:00:00,165.55,51524
VSL-102,2025-01-10 00:00:00,196.3,71931
VSL-102,2025-01-10 04:00:00,182.81,42776
VSL-102,2025-01-10 08:00:00,156.73,7515
VSL-102,2025-01-10 12:00:00,151.34,71721
VSL-102,2025-01-10 16:00:00,175.69,59552
VSL-102,2025-01-10 20:00:00,176.56,82768
VSL-102,2025-01-11 00:00:00,157.03,14963
VSL-102,2025-01-11 04:00:00,184.77,25913
VSL-102,2025-01-11 08:00:00,150.4,5213
VSL-102,2025-01-11 12:00:00,182.66,85690
VSL-102,2025-01-11 16:00:00,172.66,96577
VSL-102,2025-01-11 20:00:00,153.19,96912
VSL-102,2025-01-12 00:00:00,163.96,72917
VSL-102,2025-01-12 04:00:00,135.41,52469
VSL-102,2025-01-12 08:00:00,159.95,25519
VSL-102,2025-01-12 12:00:00,172.63,16106
VSL-102,2025-01-12 16:00:00,196.36,78620
VSL-102,2025-01-12 20:00:00,165.45,98768
VSL-102,2025-01-13 00:00:00,167.76,100625
VSL-102,2025-01-13 04:00:00,188.78,86340
VSL-102,2025-01-13 08:00:00,191.29,73741
VSL-102,2025-01-13 12:00:00,163.75,67891
VSL-102,2025-01-13 16:00:00,166.96,57647
VSL-102,2025-01-13 20:00:00,160.96,45983
VSL-102,2025-01-14 00:00:00,190.4,47242
VSL-102,2025-01-14 04:00:00,164.29,82136
VSL-102,2025-01-14 08:00:00,172.08,51218
VSL-102,2025-01-14 12:00:00,177.72,55499
VSL-102,2025-01-14 16:00:00,157.49,52948
VSL-102,2025-01-14 20:00:00,155.19,16173
VSL-102,2025-01-15 00:00:00,172.83,96234
VSL-102,2025-01-15 04:00:00,187.0,41618
VSL-102,2025-01-15 08:00:00,185.61,64266
VSL-102,2025-01-15 12:00:00,189.8,43451
VSL-102,2025-01-15 16:00:00,181.15,33009
VSL-102,2025-01-15 20:00:00,179.92,43738
VSL-102,2025-01-16 00:00:00,169.9,14238
VSL-102,2025-01-16 04:00:00,176.77,39191
VSL-102,2025-01-16 08:00:00,151.88,56881
VSL-102,2025-01-16 12:00:00,189.54,85617
VSL-102,2025-01-16 16:00:00,190.75,71792
VSL-102,2025-01-16 20:00:00,188.08,36823
VSL-102,2025-01-17 00:00:00,185.05,67435
VSL-102,2025-01-17 04:00:00,184.65,9058
VSL-102,2025-01-17 08:00:00,146.64,6775
VSL-102,2025-01-17 12:00:00,142.37,73214
VSL-102,2025-01-17 16:00:00,177.46,27010
VSL-103,2025-01-01 04:00:00,106.42,27611
VSL-103,2025-01-01 08:00:00,82.72,65390
VSL-103,2025-01-01 12:00:00,89.53,56501
VSL-103,2025-01-01 16:00:00,82.89,16178
VSL-103,2025-01-01 20:00:00,69.1,58867
VSL-103,2025-01-02 00:00:00,104.46,28253
VSL-103,2025-01-02 04:00:00,134.62,17837
VSL-103,2025-01-02 08:00:00,81.38,73312
VSL-103,2025-01-02 12:00:00,93.64,8537
VSL-103,2025-01-02 16:00:00,106.25,46092
VSL-103,2025-01-02 20:00:00,111.94,31453
VSL-103,2025-01-03 00:00:00,94.37,11211
VSL-103,2025-01-03 04:00:00,83.76,73041
VSL-103,2025-01-03 08:00:00,113.75,7466
VSL-103,2025-01-03 12:00:00,103.53,39813
VSL-103,2025-01-03 16:00:00,81.03,51791
VSL-103,2025-01-03 20:00:00,120.66,39683
VSL-103,2025-01-04 00:00:00,126.85,46117
VSL-103,2025-01-04 04:00:00,114.48,41491
VSL-103,2025-01-04 08:00:00,120.23,53417
VSL-103,2025-01-04 12:00:00,92.85,48232
VSL-103,2025-01-04 16:00:00,122.1,50950
VSL-103,2025-01-04 20:00:00,110.14,9111
VSL-103,2025-01-05 00:00:00,129.88,29349
VSL-103,2025-01-05 04:00:00,78.59,24229
VSL-103,2025-01-05 08:00:00,106.0,58893
VSL-103,2025-01-05 12:00:00,74.16,74251
VSL-103,2025-01-05 16:00:00,130.75,10096
VSL-103,2025-01-05 20:00:00,107.75,57498
VSL-103,2025-01-06 00:00:00,122.18,37198
VSL-103,2025-01-06 04:00:00,94.76,65118
VSL-103,2025-01-06 08:00:00,127.1,38976
VSL-103,2025-01-06 12:00:00,108.27,24722
VSL-103,2025-01-06 16:00:00,98.68,45732
VSL-103,2025-01-06 20:00:00,82.86,70875
VSL-103,2025-01-07 00:00:00,90.87,26973
VSL-103,2025-01-07 04:00:00,127.88,67640
VSL-103,2025-01-07 08:00:00,117.44,5582
VSL-103,2025-01-07 12:00:00,107.25,13280
VSL-103,2025-01-07 16:00:00,99.77,12268
VSL-103,2025-01-07 20:00:00,114.58,45807
VSL-103,2025-01-08 00:00:00,89.32,38029
VSL-103,2025-01-08 04:00:00,115.42,59186
VSL-103,2025-01-08 08:00:00,108.06,70980
VSL-103,2025-01-08 12:00:00,120.43,14115
VSL-103,2025-01-08 16:00:00,72.74,51946
VSL-103,2025-01-08 20:00:00,125.86,14828
VSL-103,2025-01-09 00:00:00,122.17,68522
VSL-103,2025-01-09 04:00:00,64.58,34740
VSL-103,2025-01-09 08:00:00,97.08,69451
VSL-103,2025-01-09 12:00:00,111.41,65827
VSL-103,2025-01-09 16:00:00,122.45,27936
VSL-103,2025-01-09 20:00:00,123.71,25992
VSL-103,2025-01-10 00:00:00,98.6,11738
VSL-103,2025-01-10 04:00:00,113.63,14726
VSL-103,2025-01-10 08:00:00,80.7,29576
VSL-103,2025-01-10 12:00:00,119.21,45488
VSL-103,2025-01-10 16:00:00,119.4,17802
VSL-103,2025-01-10 20:00:00,108.11,43867
VSL-103,2025-01-11 00:00:00,120.94,73536
VSL-103,2025-01-11 04:00:00,114.96,31367
VSL-103,2025-01-11 08:00:00,98.48,15185
VSL-103,2025-01-11 12:00:00,111.26,21703
VSL-103,2025-01-11 16:00:00,118.11,55911
VSL-103,2025-01-11 20:00:00,87.7,75107
VSL-103,2025-01-12 00:00:00,86.57,22226
VSL-103,2025-01-12 04:00:00,97.55,48292
VSL-103,2025-01-12 08:00:00,74.33,30742
VSL-103,2025-01-12 12:00:00,99.57,64609
VSL-103,2025-01-12 16:00:00,98.67,6582
VSL-103,2025-01-12 20:00:00,88.91,40076
VSL-103,2025-01-13 00:00:00,119.18,11573
VSL-103,2025-01-13 04:00:00,109.21,48763
VSL-103,2025-01-13 08:00:00,111.57,58939
VSL-103,2025-01-13 12:00:00,79.85,62390
VSL-103,2025-01-13 16:00:00,124.52,5919
VSL-103,2025-01-13 20:00:00,114.29,59999
VSL-103,2025-01-14 00:00:00,100.08,65497
VSL-103,2025-01-14 04:00:00,87.19,32722
VSL-103,2025-01-14 08:00:00,118.59,37246
VSL-103,2025-01-14 12:00:00,113.73,45284
VSL-103,2025-01-14 16:00:00,134.42,10503
VSL-103,2025-01-14 20:00:00,65.92,66909
VSL-103,2025-01-15 00:00:00,82.45,5309
VSL-103,2025-01-15 04:00:00,100.23,27176
VSL-103,2025-01-15 08:00:00,79.47,47361
VSL-103,2025-01-15 12:00:00,110.9,73112
VSL-103,2025-01-15 16:00:00,121.61,67743
VSL-103,2025-01-15 20:00:00,123.84,64256
VSL-103,2025-01-16 00:00:00,96.27,55985
VSL-103,2025-01-16 04:00:00,124.17,60373
VSL-103,2025-01-16 08:00:00,101.58,50254
VSL-103,2025-01-16 12:00:00,131.6,19328
VSL-103,2025-01-16 16:00:00,97.77,35608
VSL-103,2025-01-16 20:00:00,101.36,20788
VSL-103,2025-01-17 00:00:00,76.52,64272
VSL-103,2025-01-17 04:00:00,64.17,6242
VSL-103,2025-01-17 08:00:00,109.27,32395
VSL-103,2025-01-17 12:00:00,100.97,53715
VSL-103,2025-01-17 16:00:00,132.76,74916
VSL-104,2025-01-01 04:00:00,113.15,37797
VSL-104,2025-01-01 08:00:00,126.31,34803
VSL-104,2025-01-01 12:00:00,116.65,24823
VSL-104,2025-01-01 16:00:00,101.88,43560
VSL-104,2025-01-01 20:00:00,145.95,12798
VSL-104,2025-01-02 00:00:00,91.43,47538
VSL-104,2025-01-02 04:00:00,113.13,30081
VSL-104,2025-01-02 08:00:00,120.69,24716
VSL-104,2025-01-02 12:00:00,108.74,7500
VSL-104,2025-01-02 16:00:00,95.07,9422
VSL-104,2025-01-02 20:00:00,89.6,39256
VSL-104,2025-01-03 00:00:00,128.17,42551
VSL-104,2025-01-03 04:00:00,117.3,10539
VSL-104,2025-01-03 08:00:00,88.76,35240
VSL-104,2025-01-03 12:00:00,130.04,47752
VSL-104,2025-01-03 16:00:00,100.66,33607
VSL-104,2025-01-03 20:00:00,145.14,32913
VSL-104,2025-01-04 00:00:00,98.42,34005
VSL-104,2025-01-04 04:00:00,137.27,48044
VSL-104,2025-01-04 08:00:00,96.59,14492
VSL-104,2025-01-04 12:00:00,142.27,31739
VSL-104,2025-01-04 16:00:00,98.19,22935
VSL-104,2025-01-04 20:00:00,145.39,31953
VSL-104,2025-01-05 00:00:00,133.44,30300
VSL-104,2025-01-05 04:00:00,103.11,22308
VSL-104,2025-01-05 08:00:00,94.38,11373
VSL-104,2025-01-05 12:00:00,96.25,27196
VSL-104,2025-01-05 16:00:00,107.77,13273
VSL-104,2025-01-05 20:00:00,122.78,9171
VSL-104,2025-01-06 00:00:00,112.56,8502
VSL-104,2025-01-06 04:00:00,150.13,8975
VSL-104,2025-01-06 08:00:00,141.46,17467
VSL-104,2025-01-06 12:00:00,95.3,28973
VSL-104,2025-01-06 16:00:00,94.99,44029
VSL-104,2025-01-06 20:00:00,106.98,17281
VSL-104,2025-01-07 00:00:00,106.73,37991
VSL-104,2025-01-07 04:00:00,92.98,20504
VSL-104,2025-01-07 08:00:00,127.45,37798
VSL-104,2025-01-07 12:00:00,122.48,41477
VSL-104,2025-01-07 16:00:00,94.71,6939
VSL-104,2025-01-07 20:00:00,105.19,12740
VSL-104,2025-01-08 00:00:00,124.15,21153
VSL-104,2025-01-08 04:00:00,114.89,24111
VSL-104,2025-01-08 08:00:00,99.35,27682
VSL-104,2025-01-08 12:00:00,113.13,45667
VSL-104,2025-01-08 16:00:00,109.06,9514
VSL-104,2025-01-08 20:00:00,119.56,16338
VSL-104,2025-01-09 00:00:00,113.08,22795
VSL-104,2025-01-09 04:00:00,101.94,16751
VSL-104,2025-01-09 08:00:00,135.05,37746
VSL-104,2025-01-09 12:00:00,124.94,46332
VSL-104,2025-01-09 16:00:00,84.4,13178
VSL-104,2025-01-09 20:00:00,108.92,50344
VSL-104,2025-01-10 00:00:00,149.31,14876
VSL-104,2025-01-10 04:00:00,117.21,49921
VSL-104,2025-01-10 08:00:00,101.86,20519
VSL-104,2025-01-10 12:00:00,132.92,45963
VSL-104,2025-01-10 16:00:00,94.49,32165
VSL-104,2025-01-10 20:00:00,134.51,37430
VSL-104,2025-01-11 00:00:00,120.42,34787
VSL-104,2025-01-11 04:00:00,100.34,22425
VSL-104,2025-01-11 08:00:00,137.78,5900
VSL-104,2025-01-11 12:00:00,88.33,30988
VSL-104,2025-01-11 16:00:00,93.2,25785
VSL-104,2025-01-11 20:00:00,104.24,11478
VSL-104,2025-01-12 00:00:00,101.03,26453
VSL-104,2025-01-12 04:00:00,110.72,19092
VSL-104,2025-01-12 08:00:00,139.76,21266
VSL-104,2025-01-12 12:00:00,143.11,48420
VSL-104,2025-01-12 16:00:00,99.15,36532
VSL-104,2025-01-12 20:00:00,131.92,42970
VSL-104,2025-01-13 00:00:00,91.6,22641
VSL-104,2025-01-13 04:00:00,94.15,32990
VSL-104,2025-01-13 08:00:00,102.21,40384
VSL-104,2025-01-13 12:00:00,134.15,11182
VSL-104,2025-01-13 16:00:00,125.55,9395
VSL-104,2025-01-13 20:00:00,116.45,30752
VSL-104,2025-01-14 00:00:00,97.47,16669
VSL-104,2025-01-14 04:00:00,94.95,47415
VSL-104,2025-01-14 08:00:00,126.68,13009
VSL-104,2025-01-14 12:00:00,136.42,47414
VSL-104,2025-01-14 16:00:00,138.98,33620
VSL-104,2025-01-14 20:00:00,136.23,18595
VSL-104,2025-01-15 00:00:00,133.01,39161
VSL-104,2025-01-15 04:00:00,90.65,17414
VSL-104,2025-01-15 08:00:00,132.7,29156
VSL-104,2025-01-15 12:00:00,132.87,44496
VSL-104,2025-01-15 16:00:00,132.24,36083
VSL-104,2025-01-15 20:00:00,104.85,25138
VSL-104,2025-01-16 00:00:00,119.52,45747
VSL-104,2025-01-16 04:00:00,115.2,34403
VSL-104,2025-01-16 08:00:00,121.72,26156
VSL-104,2025-01-16 12:00:00,128.66,27702
VSL-104,2025-01-16 16:00:00,98.8,42554
VSL-104,2025-01-16 20:00:00,95.53,41659
VSL-104,2025-01-17 00:00:00,103.83,12044
VSL-104,2025-01-17 04:00:00,135.26,43020
VSL-104,2025-01-17 08:00:00,95.18,39060
VSL-104,2025-01-17 12:00:00,87.37,33869
VSL-104,2025-01-17 16:00:00,113.47,22556
VSL-105,2025-01-01 04:00:00,128.56,47317
VSL-105,2025-01-01 08:00:00,129.01,111491
VSL-105,2025-01-01 12:00:00,85.55,66544
VSL-105,2025-01-01 16:00:00,113.57,115858
VSL-105,2025-01-01 20:00:00,114.15,75071
VSL-105,2025-01-02 00:00:00,70.3,99289
VSL-105,2025-01-02 04:00:00,105.82,84520
VSL-105,2025-01-02 08:00:00,125.58,53419
VSL-105,2025-01-02 12:00:00,112.61,72142
VSL-105,2025-01-02 16:00:00,113.56,22378
VSL-105,2025-01-02 20:00:00,87.62,30859
VSL-105,2025-01-03 00:00:00,121.36,67263
VSL-105,2025-01-03 04:00:00,84.45,48624
VSL-105,2025-01-03 08:00:00,102.46,115980
VSL-105,2025-01-03 12:00:00,96.91,82193
VSL-105,2025-01-03 16:00:00,110.98,56812
VSL-105,2025-01-03 20:00:00,94.12,26599
VSL-105,2025-01-04 00:00:00,109.25,90502
VSL-105,2025-01-04 04:00:00,125.86,13641
VSL-105,2025-01-04 08:00:00,129.96,15675
VSL-105,2025-01-04 12:00:00,102.29,89712
VSL-105,2025-01-04 16:00:00,129.14,5142
VSL-105,2025-01-04 20:00:00,92.87,65054
VSL-105,2025-01-05 00:00:00,119.93,118573
VSL-105,2025-01-05 04:00:00,121.25,25651
VSL-105,2025-01-05 08:00:00,91.65,68826
VSL-105,2025-01-05 12:00:00,118.55,34718
VSL-105,2025-01-05 16:00:00,113.84,103655
VSL-105,2025-01-05 20:00:00,75.68,17930
VSL-105,2025-01-06 00:00:00,113.39,122337
VSL-105,2025-01-06 04:00:00,87.02,80265
VSL-105,2025-01-06 08:00:00,100.56,32688
VSL-105,2025-01-06 12:00:00,79.97,7742
VSL-105,2025-01-06 16:00:00,84.14,79653
VSL-105,2025-01-06 20:00:00,89.0,43606
VSL-105,2025-01-07 00:00:00,109.24,55924
VSL-105,2025-01-07 04:00:00,85.69,29220
VSL-105,2025-01-07 08:00:00,72.41,68262
VSL-105,2025-01-07 12:00:00,110.89,60261
VSL-105,2025-01-07 16:00:00,119.05,54741
VSL-105,2025-01-07 20:00:00,109.56,121841
VSL-105,2025-01-08 00:00:00,121.87,18209
VSL-105,2025-01-08 04:00:00,98.97,57611
VSL-105,2025-01-08 08:00:00,131.46,74445
VSL-105,2025-01-08 12:00:00,123.18,13513
VSL-105,2025-01-08 16:00:00,96.77,16548
VSL-105,2025-01-08 20:00:00,123.72,103317
VSL-105,2025-01-09 00:00:00,96.15,55831
VSL-105,2025-01-09 04:00:00,84.78,91211
VSL-105,2025-01-09 08:00:00,77.33,95481
VSL-105,2025-01-09 12:00:00,108.6,110055
VSL-105,2025-01-09 16:00:00,78.66,87041
VSL-105,2025-01-09 20:00:00,90.74,13200
VSL-105,2025-01-10 00:00:00,97.23,51526
VSL-105,2025-01-10 04:00:00,87.82,105215
VSL-105,2025-01-10 08:00:00,101.88,24885
VSL-105,2025-01-10 12:00:00,119.61,7878
VSL-105,2025-01-10 16:00:00,90.94,42733
VSL-105,2025-01-10 20:00:00,93.56,104923
VSL-105,2025-01-11 00:00:00,71.39,58433
VSL-105,2025-01-11 04:00:00,127.14,69230
VSL-105,2025-01-11 08:00:00,115.03,116828
VSL-105,2025-01-11 12:00:00,95.61,56848
VSL-105,2025-01-11 16:00:00,80.27,64282
VSL-105,2025-01-11 20:00:00,98.8,82879
VSL-105,2025-01-12 00:00:00,96.88,66711
VSL-105,2025-01-12 04:00:00,85.15,86791
VSL-105,2025-01-12 08:00:00,94.77,67799
VSL-105,2025-01-12 12:00:00,98.92,47096
VSL-105,2025-01-12 16:00:00,119.2,70448
VSL-105,2025-01-12 20:00:00,105.45,18835
VSL-105,2025-01-13 00:00:00,109.48,108614
VSL-105,2025-01-13 04:00:00,99.72,100930
VSL-105,2025-01-13 08:00:00,129.59,14739
VSL-105,2025-01-13 12:00:00,124.02,44628
VSL-105,2025-01-13 16:00:00,99.88,117870
VSL-105,2025-01-13 20:00:00,93.28,65042
VSL-105,2025-01-14 00:00:00,89.74,39454
VSL-105,2025-01-14 04:00:00,85.57,97395
VSL-105,2025-01-14 08:00:00,107.12,62430
VSL-105,2025-01-14 12:00:00,104.14,102163
VSL-105,2025-01-14 16:00:00,127.47,107697
VSL-105,2025-01-14 20:00:00,138.62,89347
VSL-105,2025-01-15 00:00:00,94.09,18520
VSL-105,2025-01-15 04:00:00,87.85,56304
VSL-105,2025-01-15 08:00:00,74.82,68405
VSL-105,2025-01-15 12:00:00,131.72,85205
VSL-105,2025-01-15 16:00:00,122.12,56429
VSL-105,2025-01-15 20:00:00,109.02,112520
VSL-105,2025-01-16 00:00:00,88.04,7309
VSL-105,2025-01-16 04:00:00,98.26,86167
VSL-105,2025-01-16 08:00:00,125.61,76374
VSL-105,2025-01-16 12:00:00,122.28,57263
VSL-105,2025-01-16 16:00:00,107.02,8316
VSL-105,2025-01-16 20:00:00,109.59,96911
VSL-105,2025-01-17 00:00:00,88.22,6357
VSL-105,2025-01-17 04:00:00,127.22,6591
VSL-105,2025-01-17 08:00:00,118.08,35616
VSL-105,2025-01-17 12:00:00,77.42,11798
VSL-105,2025-01-17 16:00:00,86.69,53158
VSL-106,2025-01-01 04:00:00,168.76,13636
VSL-106,2025-01-01 08:00:00,166.18,69832
VSL-106,2025-01-01 12:00:00,185.37,27957
VSL-106,2025-01-01 16:00:00,156.0,8378
VSL-106,2025-01-01 20:00:00,195.09,40440
VSL-106,2025-01-02 00:00:00,147.78,97420
VSL-106,2025-01-02 04:00:00,167.19,79162
VSL-106,2025-01-02 08:00:00,179.63,60529
VSL-106,2025-01-02 12:00:00,182.31,18231
VSL-106,2025-01-02 16:00:00,169.21,12670
VSL-106,2025-01-02 20:00:00,181.79,66701
VSL-106,2025-01-03 00:00:00,173.62,58444
VSL-106,2025-01-03 04:00:00,157.0,35225
VSL-106,2025-01-03 08:00:00,180.33,39453
VSL-106,2025-01-03 12:00:00,179.55,90518
VSL-106,2025-01-03 16:00:00,157.9,69757
VSL-106,2025-01-03 20:00:00,166.79,61512
VSL-106,2025-01-04 00:00:00,176.27,43488
VSL-106,2025-01-04 04:00:00,150.99,5897
VSL-106,2025-01-04 08:00:00,159.87,91889
VSL-106,2025-01-04 12:00:00,167.43,41585
VSL-106,2025-01-04 16:00:00,176.74,88304
VSL-106,2025-01-04 20:00:00,143.74,20486
VSL-106,2025-01-05 00:00:00,176.73,14045
VSL-106,2025-01-05 04:00:00,172.44,42037
VSL-106,2025-01-05 08:00:00,149.59,49235
VSL-106,2025-01-05 12:00:00,177.1,34073
VSL-106,2025-01-05 16:00:00,145.96,44367
VSL-106,2025-01-05 20:00:00,178.93,77466
VSL-106,2025-01-06 00:00:00,138.65,94009
VSL-106,2025-01-06 04:00:00,160.23,55708
VSL-106,2025-01-06 08:00:00,160.59,12833
VSL-106,2025-01-06 12:00:00,181.19,27013
VSL-106,2025-01-06 16:00:00,169.79,29076
VSL-106,2025-01-06 20:00:00,148.16,61004
VSL-106,2025-01-07 00:00:00,179.89,61080
VSL-106,2025-01-07 04:00:00,184.92,97368
VSL-106,2025-01-07 08:00:00,145.57,20772
VSL-106,2025-01-07 12:00:00,152.78,49810
VSL-106,2025-01-07 16:00:00,179.11,94844
VSL-106,2025-01-07 20:00:00,147.75,71526
VSL-106,2025-01-08 00:00:00,152.67,80742
VSL-106,2025-01-08 04:00:00,173.08,24335
VSL-106,2025-01-08 08:00:00,161.02,58808
VSL-106,2025-01-08 12:00:00,189.43,55041
VSL-106,2025-01-08 16:00:00,175.29,71625
VSL-106,2025-01-08 20:00:00,174.97,88992
VSL-106,2025-01-09 00:00:00,161.94,92386
VSL-106,2025-01-09 04:00:00,183.93,28406
VSL-106,2025-01-09 08:00:00,192.38,54215
VSL-106,2025-01-09 12:00:00,178.21,70554
VSL-106,2025-01-09 16:00:00,163.83,93049
VSL-106,2025-01-09 20:00:00,176.6,32904
VSL-106,2025-01-10 00:00:00,175.32,38836
VSL-106,2025-01-10 04:00:00,140.34,49936
VSL-106,2025-01-10 08:00:00,160.26,14693
VSL-106,2025-01-10 12:00:00,169.44,94786
VSL-106,2025-01-10 16:00:00,171.07,16884
VSL-106,2025-01-10 20:00:00,175.15,35349
VSL-106,2025-01-11 00:00:00,148.7,26581
VSL-106,2025-01-11 04:00:00,179.65,80930
VSL-106,2025-01-11 08:00:00,133.15,61068
VSL-106,2025-01-11 12:00:00,160.22,64575
VSL-106,2025-01-11 16:00:00,138.12,18833
VSL-106,2025-01-11 20:00:00,134.53,20049
VSL-106,2025-01-12 00:00:00,169.49,33305
VSL-106,2025-01-12 04:00:00,157.01,59002
VSL-106,2025-01-12 08:00:00,176.06,56800
VSL-106,2025-01-12 12:00:00,166.63,36195
VSL-106,2025-01-12 16:00:00,193.11,59610
VSL-106,2025-01-12 20:00:00,176.59,52692
VSL-106,2025-01-13 00:00:00,185.7,97492
VSL-106,2025-01-13 04:00:00,164.16,14796
VSL-106,2025-01-13 08:00:00,161.78,83856
VSL-106,2025-01-13 12:00:00,191.79,21568
VSL-106,2025-01-13 16:00:00,132.97,37627
VSL-106,2025-01-13 20:00:00,181.06,36124
VSL-106,2025-01-14 00:00:00,193.63,52512
VSL-106,2025-01-14 04:00:00,143.14,19944
VSL-106,2025-01-14 08:00:00,136.19,50927
VSL-106,2025-01-14 12:00:00,138.02,5562
VSL-106,2025-01-14 16:00:00,151.33,83867
VSL-106,2025-01-14 20:00:00,177.32,48860
VSL-106,2025-01-15 00:00:00,185.05,49399
VSL-106,2025-01-15 04:00:00,171.55,66012
VSL-106,2025-01-15 08:00:00,196.32,32708
VSL-106,2025-01-15 12:00:00,166.27,10205
VSL-106,2025-01-15 16:00:00,178.77,80571
VSL-106,2025-01-15 20:00:00,181.51,96666
VSL-106,2025-01-16 00:00:00,163.15,96386
VSL-106,2025-01-16 04:00:00,173.74,66307
VSL-106,2025-01-16 08:00:00,144.66,5608
VSL-106,2025-01-16 12:00:00,133.94,89574
VSL-106,2025-01-16 16:00:00,133.7,75666
VSL-106,2025-01-16 20:00:00,170.05,69438
VSL-106,2025-01-17 00:00:00,144.96,62258
VSL-106,2025-01-17 04:00:00,139.29,63112
VSL-106,2025-01-17 08:00:00,178.16,24793
VSL-106,2025-01-17 12:00:00,150.42,42407
VSL-106,2025-01-17 16:00:00,151.13,46928
VSL-107,2025-01-01 04:00:00,94.89,68277
VSL-107,2025-01-01 08:00:00,112.3,21543
VSL-107,2025-01-01 12:00:00,101.59,8232
VSL-107,2025-01-01 16:00:00,113.19,54314
VSL-107,2025-01-01 20:00:00,111.79,52903
VSL-107,2025-01-02 00:00:00,114.75,60611
VSL-107,2025-01-02 04:00:00,103.98,111982
VSL-107,2025-01-02 08:00:00,85.84,12658
VSL-107,2025-01-02 12:00:00,112.21,10655
VSL-107,2025-01-02 16:00:00,89.28,6512
VSL-107,2025-01-02 20:00:00,124.97,124306
VSL-107,2025-01-03 00:00:00,104.1,44811
VSL-107,2025-01-03 04:00:00,119.81,82823
VSL-107,2025-01-03 08:00:00,134.06,11204
VSL-107,2025-01-03 12:00:00,109.63,92823
VSL-107,2025-01-03 16:00:00,100.75,44051
VSL-107,2025-01-03 20:00:00,114.3,32695
VSL-107,2025-01-04 00:00:00,141.31,37671
VSL-107,2025-01-04 04:00:00,117.53,121270
VSL-107,2025-01-04 08:00:00,67.9,47237
VSL-107,2025-01-04 12:00:00,96.95,54063
VSL-107,2025-01-04 16:00:00,123.23,64841
VSL-107,2025-01-04 20:00:00,105.88,36980
VSL-107,2025-01-05 00:00:00,121.0,87133
VSL-107,2025-01-05 04:00:00,136.43,103362
VSL-107,2025-01-05 08:00:00,132.09,49093
VSL-107,2025-01-05 12:00:00,143.9,16680
VSL-107,2025-01-05 16:00:00,82.13,17459
VSL-107,2025-01-05 20:00:00,98.52,57269
VSL-107,2025-01-06 00:00:00,126.26,33590
VSL-107,2025-01-06 04:00:00,104.7,101498
VSL-107,2025-01-06 08:00:00,122.58,13587
VSL-107,2025-01-06 12:00:00,136.52,123931
VSL-107,2025-01-06 16:00:00,128.0,92640
VSL-107,2025-01-06 20:00:00,111.4,98650
VSL-107,2025-01-07 00:00:00,112.4,37673
VSL-107,2025-01-07 04:00:00,107.3,59617
VSL-107,2025-01-07 08:00:00,100.8,36861
VSL-107,2025-01-07 12:00:00,95.08,42982
VSL-107,2025-01-07 16:00:00,125.23,35967
VSL-107,2025-01-07 20:00:00,111.01,69955
VSL-107,2025-01-08 00:00:00,123.93,37138
VSL-107,2025-01-08 04:00:00,125.05,52585
VSL-107,2025-01-08 08:00:00,95.04,60773
VSL-107,2025-01-08 12:00:00,141.96,103543
VSL-107,2025-01-08 16:00:00,132.19,91646
VSL-107,2025-01-08 20:00:00,146.56,50229
VSL-107,2025-01-09 00:00:00,89.45,52859
VSL-107,2025-01-09 04:00:00,128.45,112029
VSL-107,2025-01-09 08:00:00,92.83,16353
VSL-107,2025-01-09 12:00:00,134.94,25243
VSL-107,2025-01-09 16:00:00,121.95,118443
VSL-107,2025-01-09 20:00:00,111.27,69069
VSL-107,2025-01-10 00:00:00,113.97,96059
VSL-107,2025-01-10 04:00:00,125.04,83515
VSL-107,2025-01-10 08:00:00,92.61,18138
VSL-107,2025-01-10 12:00:00,133.91,19740
VSL-107,2025-01-10 16:00:00,103.88,103733
VSL-107,2025-01-10 20:00:00,105.02,36266
VSL-107,2025-01-11 00:00:00,96.44,117438
VSL-107,2025-01-11 04:00:00,126.65,123595
VSL-107,2025-01-11 08:00:00,93.87,84766
VSL-107,2025-01-11 12:00:00,93.86,45469
VSL-107,2025-01-11 16:00:00,132.69,122289
VSL-107,2025-01-11 20:00:00,139.66,108397
VSL-107,2025-01-12 00:00:00,100.93,18815
VSL-107,2025-01-12 04:00:00,110.01,83686
VSL-107,2025-01-12 08:00:00,109.84,77331
VSL-107,2025-01-12 12:00:00,133.71,122968
VSL-107,2025-01-12 16:00:00,121.92,117710
VSL-107,2025-01-12 20:00:00,96.28,79095
VSL-107,2025-01-13 00:00:00,97.99,70671
VSL-107,2025-01-13 04:00:00,83.87,50820
VSL-107,2025-01-13 08:00:00,125.07,42624
VSL-107,2025-01-13 12:00:00,111.25,13201
VSL-107,2025-01-13 16:00:00,131.39,31648
VSL-107,2025-01-13 20:00:00,103.04,95485
VSL-107,2025-01-14 00:00:00,137.84,55224
VSL-107,2025-01-14 04:00:00,91.55,20666
VSL-107,2025-01-14 08:00:00,112.66,23652
VSL-107,2025-01-14 12:00:00,92.11,20026
VSL-107,2025-01-14 16:00:00,107.27,63592
VSL-107,2025-01-14 20:00:00,144.01,18259
VSL-107,2025-01-15 00:00:00,108.65,44235
VSL-107,2025-01-15 04:00:00,102.61,87752
VSL-107,2025-01-15 08:00:00,117.49,120923
VSL-107,2025-01-15 12:00:00,92.04,125976
VSL-107,2025-01-15 16:00:00,77.45,31526
VSL-107,2025-01-15 20:00:00,115.42,7109
VSL-107,2025-01-16 00:00:00,82.62,47445
VSL-107,2025-01-16 04:00:00,104.06,21450
VSL-107,2025-01-16 08:00:00,124.51,123335
VSL-107,2025-01-16 12:00:00,96.99,87639
VSL-107,2025-01-16 16:00:00,116.64,32117
VSL-107,2025-01-16 20:00:00,113.82,93532
VSL-107,2025-01-17 00:00:00,91.18,30024
VSL-107,2025-01-17 04:00:00,105.04,83776
VSL-107,2025-01-17 08:00:00,123.62,37479
VSL-107,2025-01-17 12:00:00,111.69,36542
VSL-107,2025-01-17 16:00:00,94.59,92508
VSL-108,2025-01-01 04:00:00,121.78,69430
VSL-108,2025-01-01 08:00:00,107.83,99579
VSL-108,2025-01-01 12:00:00,74.29,51986
VSL-108,2025-01-01 16:00:00,136.35,113658
VSL-108,2025-01-01 20:00:00,99.36,133915
VSL-108,2025-01-02 00:00:00,78.77,37271
VSL-108,2025-01-02 04:00:00,77.67,24198
VSL-108,2025-01-02 08:00:00,127.02,139968
VSL-108,2025-01-02 12:00:00,68.52,43245
VSL-108,2025-01-02 16:00:00,71.11,97522
VSL-108,2025-01-02 20:00:00,111.51,108173
VSL-108,2025-01-03 00:00:00,111.69,155213
VSL-108,2025-01-03 04:00:00,87.5,191378
VSL-108,2025-01-03 08:00:00,123.12,109086
VSL-108,2025-01-03 12:00:00,76.1,78474
VSL-108,2025-01-03 16:00:00,111.87,36644
VSL-108,2025-01-03 20:00:00,98.41,181872
VSL-108,2025-01-04 00:00:00,86.57,164198
VSL-108,2025-01-04 04:00:00,100.35,80941
VSL-108,2025-01-04 08:00:00,133.15,108195
VSL-108,2025-01-04 12:00:00,76.51,81335
VSL-108,2025-01-04 16:00:00,118.21,65938
VSL-108,2025-01-04 20:00:00,119.15,156298
VSL-108,2025-01-05 00:00:00,116.17,172128
VSL-108,2025-01-05 04:00:00,65.35,127416
VSL-108,2025-01-05 08:00:00,77.82,36203
VSL-108,2025-01-05 12:00:00,120.96,17462
VSL-108,2025-01-05 16:00:00,98.62,7439
VSL-108,2025-01-05 20:00:00,108.7,190724
VSL-108,2025-01-06 00:00:00,137.98,179906
VSL-108,2025-01-06 04:00:00,100.93,166933
VSL-108,2025-01-06 08:00:00,75.83,169147
VSL-108,2025-01-06 12:00:00,66.77,154425
VSL-108,2025-01-06 16:00:00,97.82,77537
VSL-108,2025-01-06 20:00:00,74.16,133398
VSL-108,2025-01-07 00:00:00,112.95,142502
VSL-108,2025-01-07 04:00:00,77.45,141046
VSL-108,2025-01-07 08:00:00,115.65,144966
VSL-108,2025-01-07 12:00:00,133.1,94944
VSL-108,2025-01-07 16:00:00,116.46,181806
VSL-108,2025-01-07 20:00:00,82.39,112240
VSL-108,2025-01-08 00:00:00,65.66,140159
VSL-108,2025-01-08 04:00:00,98.9,146360
VSL-108,2025-01-08 08:00:00,89.94,66221
VSL-108,2025-01-08 12:00:00,113.31,95067
VSL-108,2025-01-08 16:00:00,61.01,94858
VSL-108,2025-01-08 20:00:00,124.92,129122
VSL-108,2025-01-09 00:00:00,66.37,112377
VSL-108,2025-01-09 04:00:00,77.79,21147
VSL-108,2025-01-09 08:00:00,83.15,157898
VSL-108,2025-01-09 12:00:00,96.86,100982
VSL-108,2025-01-09 16:00:00,102.04,27131
VSL-108,2025-01-09 20:00:00,68.47,9016
VSL-108,2025-01-10 00:00:00,102.95,124604
VSL-108,2025-01-10 04:00:00,96.04,189018
VSL-108,2025-01-10 08:00:00,122.24,20374
VSL-108,2025-01-10 12:00:00,74.83,186039
VSL-108,2025-01-10 16:00:00,107.1,24738
VSL-108,2025-01-10 20:00:00,126.35,38240
VSL-108,2025-01-11 00:00:00,102.92,168104
VSL-108,2025-01-11 04:00:00,82.63,110589
VSL-108,2025-01-11 08:00:00,100.23,22415
VSL-108,2025-01-11 12:00:00,76.62,149379
VSL-108,2025-01-11 16:00:00,73.27,177793
VSL-108,2025-01-11 20:00:00,65.35,73712
VSL-108,2025-01-12 00:00:00,135.23,59019
VSL-108,2025-01-12 04:00:00,77.87,149928
VSL-108,2025-01-12 08:00:00,78.31,139538
VSL-108,2025-01-12 12:00:00,92.87,19588
VSL-108,2025-01-12 16:00:00,86.97,167767
VSL-108,2025-01-12 20:00:00,125.56,70510
VSL-108,2025-01-13 00:00:00,106.48,174258
VSL-108,2025-01-13 04:00:00,73.94,168749
VSL-108,2025-01-13 08:00:00,75.72,73806
VSL-108,2025-01-13 12:00:00,114.49,154432
VSL-108,2025-01-13 16:00:00,104.72,86635
VSL-108,2025-01-13 20:00:00,119.24,84134
VSL-108,2025-01-14 00:00:00,105.62,138030
VSL-108,2025-01-14 04:00:00,94.22,53758
VSL-108,2025-01-14 08:00:00,113.53,20627
VSL-108,2025-01-14 12:00:00,119.49,77689
VSL-108,2025-01-14 16:00:00,89.09,60028
VSL-108,2025-01-14 20:00:00,87.11,71562
VSL-108,2025-01-15 00:00:00,93.07,154564
VSL-108,2025-01-15 04:00:00,115.08,41417
VSL-108,2025-01-15 08:00:00,85.32,182676
VSL-108,2025-01-15 12:00:00,67.87,81266
VSL-108,2025-01-15 16:00:00,124.85,48348
VSL-108,2025-01-15 20:00:00,92.81,43080
VSL-108,2025-01-16 00:00:00,112.92,88249
VSL-108,2025-01-16 04:00:00,111.65,84126
VSL-108,2025-01-16 08:00:00,131.28,7490
VSL-108,2025-01-16 12:00:00,92.36,25815
VSL-108,2025-01-16 16:00:00,101.19,115567
VSL-108,2025-01-16 20:00:00,87.23,183741
VSL-108,2025-01-17 00:00:00,70.09,27180
VSL-108,2025-01-17 04:00:00,119.64,57845
VSL-108,2025-01-17 08:00:00,120.25,40273
VSL-108,2025-01-17 12:00:00,93.26,94445
VSL-108,2025-01-17 16:00:00,99.9,47848
VSL-109,2025-01-01 04:00:00,104.41,23813
VSL-109,2025-01-01 08:00:00,133.63,124078
VSL-109,2025-01-01 12:00:00,122.01,60548
VSL-109,2025-01-01 16:00:00,136.9,16974
VSL-109,2025-01-01 20:00:00,133.93,66467
VSL-109,2025-01-02 00:00:00,97.78,41733
VSL-109,2025-01-02 04:00:00,123.49,51985
VSL-109,2025-01-02 08:00:00,145.51,119811
VSL-109,2025-01-02 12:00:00,109.34,120927
VSL-109,2025-01-02 16:00:00,133.38,54673
VSL-109,2025-01-02 20:00:00,143.01,5658
VSL-109,2025-01-03 00:00:00,109.87,15687
VSL-109,2025-01-03 04:00:00,148.79,93240
VSL-109,2025-01-03 08:00:00,119.69,121956
VSL-109,2025-01-03 12:00:00,101.53,47085
VSL-109,2025-01-03 16:00:00,123.33,64491
VSL-109,2025-01-03 20:00:00,121.89,59109
VSL-109,2025-01-04 00:00:00,133.83,27287
VSL-109,2025-01-04 04:00:00,105.16,55201
VSL-109,2025-01-04 08:00:00,96.71,49232
VSL-109,2025-01-04 12:00:00,144.54,89098
VSL-109,2025-01-04 16:00:00,142.69,33776
VSL-109,2025-01-04 20:00:00,103.6,90065
VSL-109,2025-01-05 00:00:00,99.42,112784
VSL-109,2025-01-05 04:00:00,125.94,103396
VSL-109,2025-01-05 08:00:00,139.36,89048
VSL-109,2025-01-05 12:00:00,117.11,7805
VSL-109,2025-01-05 16:00:00,114.07,70967
VSL-109,2025-01-05 20:00:00,85.26,16831
VSL-109,2025-01-06 00:00:00,101.38,124962
VSL-109,2025-01-06 04:00:00,129.8,22465
VSL-109,2025-01-06 08:00:00,102.98,109082
VSL-109,2025-01-06 12:00:00,97.97,91525
VSL-109,2025-01-06 16:00:00,158.06,32446
VSL-109,2025-01-06 20:00:00,120.7,118050
VSL-109,2025-01-07 00:00:00,106.96,25676
VSL-109,2025-01-07 04:00:00,96.78,30012
VSL-109,2025-01-07 08:00:00,112.06,60257
VSL-109,2025-01-07 12:00:00,90.67,113480
VSL-109,2025-01-07 16:00:00,125.59,110631
VSL-109,2025-01-07 20:00:00,92.66,102126
VSL-109,2025-01-08 00:00:00,94.79,76036
VSL-109,2025-01-08 04:00:00,123.95,18989
VSL-109,2025-01-08 08:00:00,149.16,120681
VSL-109,2025-01-08 12:00:00,108.27,19493
VSL-109,2025-01-08 16:00:00,134.09,35588
VSL-109,2025-01-08 20:00:00,140.23,114709
VSL-109,2025-01-09 00:00:00,110.34,67983
VSL-109,2025-01-09 04:00:00,128.18,122510
VSL-109,2025-01-09 08:00:00,108.34,93528
VSL-109,2025-01-09 12:00:00,128.35,43154
VSL-109,2025-01-09 16:00:00,106.41,128854
VSL-109,2025-01-09 20:00:00,126.23,88396
VSL-109,2025-01-10 00:00:00,151.37,54127
VSL-109,2025-01-10 04:00:00,118.98,114361
VSL-109,2025-01-10 08:00:00,105.96,112638
VSL-109,2025-01-10 12:00:00,93.56,126260
VSL-109,2025-01-10 16:00:00,150.85,5417
VSL-109,2025-01-10 20:00:00,127.61,104317
VSL-109,2025-01-11 00:00:00,148.49,14653
VSL-109,2025-01-11 04:00:00,121.14,55170
VSL-109,2025-01-11 08:00:00,123.08,47507
VSL-109,2025-01-11 12:00:00,137.9,123973
VSL-109,2025-01-11 16:00:00,120.51,65232
VSL-109,2025-01-11 20:00:00,126.17,120463
VSL-109,2025-01-12 00:00:00,126.03,15732
VSL-109,2025-01-12 04:00:00,128.08,24598
VSL-109,2025-01-12 08:00:00,127.69,24289
VSL-109,2025-01-12 12:00:00,119.56,19340
VSL-109,2025-01-12 16:00:00,97.48,36528
VSL-109,2025-01-12 20:00:00,109.55,99018
VSL-109,2025-01-13 00:00:00,145.09,97302
VSL-109,2025-01-13 04:00:00,135.99,46017
VSL-109,2025-01-13 08:00:00,142.78,13193
VSL-109,2025-01-13 12:00:00,134.55,80623
VSL-109,2025-01-13 16:00:00,120.66,111846
VSL-109,2025-01-13 20:00:00,146.04,77004
VSL-109,2025-01-14 00:00:00,128.1,89213
VSL-109,2025-01-14 04:00:00,136.27,10950
VSL-109,2025-01-14 08:00:00,137.12,11139
VSL-109,2025-01-14 12:00:00,104.53,32246
VSL-109,2025-01-14 16:00:00,115.58,110089
VSL-109,2025-01-14 20:00:00,108.06,89899
VSL-109,2025-01-15 00:00:00,138.42,18330
VSL-109,2025-01-15 04:00:00,112.34,71434
VSL-109,2025-01-15 08:00:00,100.45,26697
VSL-109,2025-01-15 12:00:00,97.6,52684
VSL-109,2025-01-15 16:00:00,106.63,95039
VSL-109,2025-01-15 20:00:00,110.39,100511
VSL-109,2025-01-16 00:00:00,137.28,30995
VSL-109,2025-01-16 04:00:00,108.74,7562
VSL-109,2025-01-16 08:00:00,120.07,93221
VSL-109,2025-01-16 12:00:00,128.2,77321
VSL-109,2025-01-16 16:00:00,120.9,109501
VSL-109,2025-01-16 20:00:00,136.55,11237
VSL-109,2025-01-17 00:00:00,94.97,34930
VSL-109,2025-01-17 04:00:00,118.4,83135
VSL-109,2025-01-17 08:00:00,137.06,86090
VSL-109,2025-01-17 12:00:00,129.63,58047
VSL-109,2025-01-17 16:00:00,112.84,38059
