Vessel_ID,Timestamp,Wave_Height_m,Wind_Speed_Knots,Visibility_km,Storm_Probability
VSL-100,2025-01-01 04:00:00,0.63,4.97,11.45,0
VSL-100,2025-01-01 08:00:00,3.39,21.42,10.65,0
VSL-100,2025-01-01 12:00:00,4.82,28.17,9.02,0
VSL-100,2025-01-01 16:00:00,7.53,53.69,2.97,1
VSL-100,2025-01-01 20:00:00,1.34,10.42,17.75,0
VSL-100,2025-01-02 00:00:00,1.22,9.41,6.98,0
VSL-100,2025-01-02 04:00:00,7.19,41.19,3.89,1
VSL-100,2025-01-02 08:00:00,4.24,31.87,3.18,0
VSL-100,2025-01-02 12:00:00,4.83,37.12,3.08,0
VSL-100,2025-01-02 16:00:00,6.3,45.11,3.76,1
VSL-100,2025-01-02 20:00:00,0.96,6.53,1.21,0
VSL-100,2025-01-03 00:00:00,7.02,50.7,1.11,1
VSL-100,2025-01-03 04:00:00,7.55,54.01,0.48,1
VSL-100,2025-01-03 08:00:00,7.41,37.33,0.46,1
VSL-100,2025-01-03 12:00:00,4.69,28.06,13.5,0
VSL-100,2025-01-03 16:00:00,5.97,45.78,1.19,0
VSL-100,2025-01-03 20:00:00,2.38,17.92,10.13,0
VSL-100,2025-01-04 00:00:00,2.65,18.91,13.64,0
VSL-100,2025-01-04 04:00:00,7.29,40.95,2.93,1
VSL-100,2025-01-04 08:00:00,0.89,5.64,17.96,0
VSL-100,2025-01-04 12:00:00,7.73,48.34,2.14,1
VSL-100,2025-01-04 16:00:00,6.49,36.95,3.27,1
VSL-100,2025-01-04 20:00:00,0.93,5.83,17.76,0
VSL-100,2025-01-05 00:00:00,1.3,8.37,2.38,0
VSL-100,2025-01-05 04:00:00,4.74,26.54,14.12,0
VSL-100,2025-01-05 08:00:00,5.87,39.46,5.82,0
VSL-100,2025-01-05 12:00:00,4.15,22.74,11.75,0
VSL-100,2025-01-05 16:00:00,6.63,44.03,1.86,1
VSL-100,2025-01-05 20:00:00,6.79,40.49,2.74,1
VSL-100,2025-01-06 00:00:00,7.66,58.41,1.47,1
VSL-100,2025-01-06 04:00:00,1.2,8.33,13.4,0
VSL-100,2025-01-06 08:00:00,7.56,48.24,1.84,1
VSL-100,2025-01-06 12:00:00,3.84,30.46,16.98,0
VSL-100,2025-01-06 16:00:00,4.07,30.78,11.97,0
VSL-100,2025-01-06 20:00:00,5.69,28.49,19.08,0
VSL-100,2025-01-07 00:00:00,2.31,13.71,8.76,0
VSL-100,2025-01-07 04:00:00,5.89,34.89,19.53,0
VSL-100,2025-01-07 08:00:00,1.96,12.01,5.38,0
VSL-100,2025-01-07 12:00:00,3.06,23.1,2.81,0
VSL-100,2025-01-07 16:00:00,4.76,29.09,9.39,0
VSL-100,2025-01-07 20:00:00,3.53,21.89,11.56,0
VSL-100,2025-01-08 00:00:00,1.33,6.94,17.6,0
VSL-100,2025-01-08 04:00:00,7.22,56.86,4.12,1
VSL-100,2025-01-08 08:00:00,4.99,32.22,12.38,0
VSL-100,2025-01-08 12:00:00,2.89,21.45,3.12,0
VSL-100,2025-01-08 16:00:00,4.69,28.0,19.35,0
VSL-100,2025-01-08 20:00:00,2.03,13.38,5.29,0
VSL-100,2025-01-09 00:00:00,1.42,11.36,18.97,0
VSL-100,2025-01-09 04:00:00,4.61,33.78,19.77,0
VSL-100,2025-01-09 08:00:00,1.7,12.88,17.06,0
VSL-100,2025-01-09 12:00:00,5.28,27.59,3.35,0
VSL-100,2025-01-09 16:00:00,1.81,11.46,9.82,0
VSL-100,2025-01-09 20:00:00,4.96,27.24,19.85,0
VSL-100,2025-01-10 00:00:00,0.72,4.51,14.66,0
VSL-100,2025-01-10 04:00:00,6.56,43.33,4.9,1
VSL-100,2025-01-10 08:00:00,5.01,34.68,4.93,0
VSL-100,2025-01-10 12:00:00,3.26,23.54,4.81,0
VSL-100,2025-01-10 16:00:00,6.68,51.61,2.72,1
VSL-100,2025-01-10 20:00:00,4.09,23.03,1.71,0
VSL-100,2025-01-11 00:00:00,5.55,34.84,12.69,0
VSL-100,2025-01-11 04:00:00,6.34,39.62,1.13,1
VSL-100,2025-01-11 08:00:00,2.09,14.3,15.62,0
VSL-100,2025-01-11 12:00:00,6.02,34.88,2.72,1
VSL-100,2025-01-11 16:00:00,3.73,24.91,9.31,0
VSL-100,2025-01-11 20:00:00,3.11,16.72,6.57,0
VSL-100,2025-01-12 00:00:00,4.0,21.72,13.02,0
VSL-100,2025-01-12 04:00:00,4.47,31.72,12.16,0
VSL-100,2025-01-12 08:00:00,1.35,9.02,6.75,0
VSL-100,2025-01-12 12:00:00,7.58,47.64,2.57,1
VSL-100,2025-01-12 16:00:00,2.25,16.18,11.2,0
VSL-100,2025-01-12 20:00:00,2.87,16.48,18.92,0
VSL-100,2025-01-13 00:00:00,4.16,21.91,8.27,0
VSL-100,2025-01-13 04:00:00,7.84,41.99,2.96,1
VSL-100,2025-01-13 08:00:00,3.64,23.65,4.78,0
VSL-100,2025-01-13 12:00:00,0.61,3.39,1.11,0
VSL-100,2025-01-13 16:00:00,7.71,41.32,1.07,1
VSL-100,2025-01-13 20:00:00,4.5,28.07,1.51,0
VSL-100,2025-01-14 00:00:00,5.47,41.62,17.51,0
VSL-100,2025-01-14 04:00:00,2.42,18.48,7.85,0
VSL-100,2025-01-14 08:00:00,7.24,36.6,2.98,1
VSL-100,2025-01-14 12:00:00,2.9,17.59,5.0,0
VSL-100,2025-01-14 16:00:00,5.42,32.82,8.02,0
VSL-100,2025-01-14 20:00:00,1.28,9.63,11.46,0
VSL-100,2025-01-15 00:00:00,2.95,18.95,13.86,0
VSL-100,2025-01-15 04:00:00,0.77,6.02,13.57,0
VSL-100,2025-01-15 08:00:00,0.55,2.82,14.33,0
VSL-100,2025-01-15 12:00:00,6.09,34.84,4.8,1
VSL-100,2025-01-15 16:00:00,0.72,4.44,15.1,0
VSL-100,2025-01-15 20:00:00,2.08,15.02,15.45,0
VSL-100,2025-01-16 00:00:00,0.6,4.12,11.02,0
VSL-100,2025-01-16 04:00:00,3.36,17.16,19.73,0
VSL-100,2025-01-16 08:00:00,1.31,9.99,3.72,0
VSL-100,2025-01-16 12:00:00,0.88,5.39,14.5,0
VSL-100,2025-01-16 16:00:00,5.92,46.81,15.31,0
VSL-100,2025-01-16 20:00:00,3.2,24.04,4.27,0
VSL-100,2025-01-17 00:00:00,7.25,52.02,3.25,1
VSL-100,2025-01-17 04:00:00,2.37,12.72,16.67,0
VSL-100,2025-01-17 08:00:00,4.92,31.02,9.86,0
VSL-100,2025-01-17 12:00:00,7.96,54.4,0.62,1
VSL-100,2025-01-17 16:00:00,2.66,19.9,7.0,0
VSL-101,2025-01-01 04:00:00,5.08,31.45,12.78,0
VSL-101,2025-01-01 08:00:00,4.4,25.45,14.96,0
VSL-101,2025-01-01 12:00:00,2.75,17.97,19.84,0
VSL-101,2025-01-01 16:00:00,2.13,13.96,17.93,0
VSL-101,2025-01-01 20:00:00,4.35,34.46,14.4,0
VSL-101,2025-01-02 00:00:00,4.55,30.99,18.58,0
VSL-101,2025-01-02 04:00:00,7.18,55.3,4.14,1
VSL-101,2025-01-02 08:00:00,4.31,28.29,17.84,0
VSL-101,2025-01-02 12:00:00,5.8,29.99,4.9,0
VSL-101,2025-01-02 16:00:00,2.9,19.71,16.84,0
VSL-101,2025-01-02 20:00:00,5.17,35.01,11.18,0
VSL-101,2025-01-03 00:00:00,4.63,31.07,1.29,0
VSL-101,2025-01-03 04:00:00,5.7,40.34,1.91,0
VSL-101,2025-01-03 08:00:00,5.33,34.71,4.07,0
VSL-101,2025-01-03 12:00:00,3.0,15.81,1.15,0
VSL-101,2025-01-03 16:00:00,6.84,45.01,3.12,1
VSL-101,2025-01-03 20:00:00,5.35,38.39,8.63,0
VSL-101,2025-01-04 00:00:00,6.3,33.8,3.66,1
VSL-101,2025-01-04 04:00:00,5.07,25.44,7.27,0
VSL-101,2025-01-04 08:00:00,6.44,37.59,2.82,1
VSL-101,2025-01-04 12:00:00,6.24,45.18,1.56,1
VSL-101,2025-01-04 16:00:00,4.52,22.58,8.77,0
VSL-101,2025-01-04 20:00:00,4.65,35.92,16.69,0
VSL-101,2025-01-05 00:00:00,7.58,55.54,4.25,1
VSL-101,2025-01-05 04:00:00,3.98,31.49,12.88,0
VSL-101,2025-01-05 08:00:00,1.55,8.87,5.94,0
VSL-101,2025-01-05 12:00:00,1.86,12.05,4.79,0
VSL-101,2025-01-05 16:00:00,5.46,43.13,19.43,0
VSL-101,2025-01-05 20:00:00,2.45,16.46,6.81,0
VSL-101,2025-01-06 00:00:00,5.9,31.38,10.04,0
VSL-101,2025-01-06 04:00:00,2.33,12.78,15.51,0
VSL-101,2025-01-06 08:00:00,0.56,4.18,4.13,0
VSL-101,2025-01-06 12:00:00,5.11,36.41,2.66,0
VSL-101,2025-01-06 16:00:00,3.4,25.71,19.32,0
VSL-101,2025-01-06 20:00:00,4.28,27.1,9.36,0
VSL-101,2025-01-07 00:00:00,3.97,26.38,18.59,0
VSL-101,2025-01-07 04:00:00,7.37,47.12,0.97,1
VSL-101,2025-01-07 08:00:00,7.74,54.53,4.69,1
VSL-101,2025-01-07 12:00:00,2.53,15.87,3.71,0
VSL-101,2025-01-07 16:00:00,2.66,17.76,16.61,0
VSL-101,2025-01-07 20:00:00,5.86,36.1,2.19,0
VSL-101,2025-01-08 00:00:00,7.1,35.6,4.63,1
VSL-101,2025-01-08 04:00:00,7.13,53.65,4.45,1
VSL-101,2025-01-08 08:00:00,1.22,8.02,10.76,0
VSL-101,2025-01-08 12:00:00,1.62,9.66,2.02,0
VSL-101,2025-01-08 16:00:00,1.04,6.24,18.03,0
VSL-101,2025-01-08 20:00:00,3.26,17.34,12.64,0
VSL-101,2025-01-09 00:00:00,4.5,25.06,13.46,0
VSL-101,2025-01-09 04:00:00,0.97,5.32,5.87,0
VSL-101,2025-01-09 08:00:00,2.06,13.29,5.08,0
VSL-101,2025-01-09 12:00:00,5.43,43.16,7.27,0
VSL-101,2025-01-09 16:00:00,7.07,54.1,2.78,1
VSL-101,2025-01-09 20:00:00,2.59,15.82,6.93,0
VSL-101,2025-01-10 00:00:00,7.25,46.45,4.8,1
VSL-101,2025-01-10 04:00:00,5.72,44.04,8.91,0
VSL-101,2025-01-10 08:00:00,5.72,30.19,12.96,0
VSL-101,2025-01-10 12:00:00,5.24,28.06,14.1,0
VSL-101,2025-01-10 16:00:00,1.31,6.99,4.5,0
VSL-101,2025-01-10 20:00:00,5.59,44.55,1.22,0
VSL-101,2025-01-11 00:00:00,5.23,32.0,19.13,0
VSL-101,2025-01-11 04:00:00,2.24,15.51,1.38,0
VSL-101,2025-01-11 08:00:00,5.73,36.98,5.3,0
VSL-101,2025-01-11 12:00:00,1.56,9.86,13.21,0
VSL-101,2025-01-11 16:00:00,1.18,6.61,13.81,0
VSL-101,2025-01-11 20:00:00,2.91,17.7,19.31,0
VSL-101,2025-01-12 00:00:00,6.21,47.69,2.59,1
VSL-101,2025-01-12 04:00:00,1.94,12.92,1.97,0
VSL-101,2025-01-12 08:00:00,2.4,12.11,15.33,0
VSL-101,2025-01-12 12:00:00,6.87,47.73,2.93,1
VSL-101,2025-01-12 16:00:00,7.35,37.72,1.37,1
VSL-101,2025-01-12 20:00:00,7.57,40.32,1.52,1
VSL-101,2025-01-13 00:00:00,0.79,5.48,15.02,0
VSL-101,2025-01-13 04:00:00,6.24,47.95,3.01,1
VSL-101,2025-01-13 08:00:00,3.28,19.52,4.88,0
VSL-101,2025-01-13 12:00:00,5.92,29.69,13.3,0
VSL-101,2025-01-13 16:00:00,2.25,17.03,16.42,0
VSL-101,2025-01-13 20:00:00,7.49,44.43,3.8,1
VSL-101,2025-01-14 00:00:00,5.13,27.23,19.29,0
VSL-101,2025-01-14 04:00:00,4.98,25.39,11.84,0
VSL-101,2025-01-14 08:00:00,3.37,26.18,9.78,0
VSL-101,2025-01-14 12:00:00,2.07,14.85,7.71,0
VSL-101,2025-01-14 16:00:00,1.87,9.51,2.94,0
VSL-101,2025-01-14 20:00:00,1.07,6.25,2.05,0
VSL-101,2025-01-15 00:00:00,1.77,9.21,17.05,0
VSL-101,2025-01-15 04:00:00,2.72,19.16,2.17,0
VSL-101,2025-01-15 08:00:00,7.5,52.54,3.91,1
VSL-101,2025-01-15 12:00:00,2.54,15.7,18.55,0
VSL-101,2025-01-15 16:00:00,6.88,53.71,3.25,1
VSL-101,2025-01-15 20:00:00,7.58,51.06,2.87,1
VSL-101,2025-01-16 00:00:00,2.31,17.98,19.75,0
VSL-101,2025-01-16 04:00:00,6.49,50.49,3.66,1
VSL-101,2025-01-16 08:00:00,4.17,29.91,10.92,0
VSL-101,2025-01-16 12:00:00,0.81,6.11,2.17,0
VSL-101,2025-01-16 16:00:00,4.42,23.04,13.33,0
VSL-101,2025-01-16 20:00:00,4.46,35.3,4.01,0
VSL-101,2025-01-17 00:00:00,0.97,6.76,3.63,0
VSL-101,2025-01-17 04:00:00,6.53,40.53,2.15,1
VSL-101,2025-01-17 08:00:00,2.47,16.0,6.21,0
VSL-101,2025-01-17 12:00:00,2.98,21.17,4.81,0
VSL-101,2025-01-17 16:00:00,3.38,21.66,18.88,0
VSL-102,2025-01-01 04:00:00,6.12,31.97,4.82,1
VSL-102,2025-01-01 08:00:00,7.93,63.33,2.71,1
VSL-102,2025-01-01 12:00:00,3.32,16.86,8.41,0
VSL-102,2025-01-01 16:00:00,3.1,20.41,8.08,0
VSL-102,2025-01-01 20:00:00,5.7,37.72,13.49,0
VSL-102,2025-01-02 00:00:00,6.3,40.95,1.39,1
VSL-102,2025-01-02 04:00:00,6.63,36.13,2.33,1
VSL-102,2025-01-02 08:00:00,3.81,27.92,6.64,0
VSL-102,2025-01-02 12:00:00,0.63,3.25,1.33,0
VSL-102,2025-01-02 16:00:00,6.99,55.66,4.58,1
VSL-102,2025-01-02 20:00:00,3.88,21.12,4.74,0
VSL-102,2025-01-03 00:00:00,6.87,41.24,1.03,1
VSL-102,2025-01-03 04:00:00,6.23,44.86,4.34,1
VSL-102,2025-01-03 08:00:00,6.65,45.08,2.75,1
VSL-102,2025-01-03 12:00:00,1.78,10.49,10.25,0
VSL-102,2025-01-03 16:00:00,2.27,12.05,5.97,0
VSL-102,2025-01-03 20:00:00,6.54,39.73,2.39,1
VSL-102,2025-01-04 00:00:00,2.49,17.59,10.56,0
VSL-102,2025-01-04 04:00:00,4.25,31.36,10.33,0
VSL-102,2025-01-04 08:00:00,0.88,6.56,2.78,0
VSL-102,2025-01-04 12:00:00,2.49,13.17,14.26,0
VSL-102,2025-01-04 16:00:00,6.63,48.98,3.83,1
VSL-102,2025-01-04 20:00:00,7.78,59.69,2.27,1
VSL-102,2025-01-05 00:00:00,7.14,47.91,1.56,1
VSL-102,2025-01-05 04:00:00,6.36,44.12,3.67,1
VSL-102,2025-01-05 08:00:00,2.8,22.11,12.12,0
VSL-102,2025-01-05 12:00:00,6.36,50.14,2.18,1
VSL-102,2025-01-05 16:00:00,1.64,8.77,15.57,0
VSL-102,2025-01-05 20:00:00,3.01,22.97,2.12,0
VSL-102,2025-01-06 00:00:00,4.8,32.04,11.12,0
VSL-102,2025-01-06 04:00:00,3.51,22.34,13.02,0
VSL-102,2025-01-06 08:00:00,2.47,13.06,19.66,0
VSL-102,2025-01-06 12:00:00,2.97,15.39,5.53,0
VSL-102,2025-01-06 16:00:00,1.16,9.17,3.58,0
VSL-102,2025-01-06 20:00:00,4.92,39.0,10.56,0
VSL-102,2025-01-07 00:00:00,6.36,39.79,4.36,1
VSL-102,2025-01-07 04:00:00,2.81,18.59,16.45,0
VSL-102,2025-01-07 08:00:00,6.13,44.74,3.14,1
VSL-102,2025-01-07 12:00:00,7.9,60.87,1.86,1
VSL-102,2025-01-07 16:00:00,6.56,38.84,1.69,1
VSL-102,2025-01-07 20:00:00,7.29,51.1,0.88,1
VSL-102,2025-01-08 00:00:00,1.36,8.06,5.92,0
VSL-102,2025-01-08 04:00:00,3.35,17.21,9.55,0
VSL-102,2025-01-08 08:00:00,7.24,43.77,4.88,1
VSL-102,2025-01-08 12:00:00,3.24,23.0,7.32,0
VSL-102,2025-01-08 16:00:00,1.24,6.39,2.09,0
VSL-102,2025-01-08 20:00:00,2.06,14.71,18.06,0
VSL-102,2025-01-09 00:00:00,7.84,56.39,0.55,1
VSL-102,2025-01-09 04:00:00,1.61,9.16,16.56,0
VSL-102,2025-01-09 08:00:00,1.65,12.84,15.3,0
VSL-102,2025-01-09 12:00:00,3.73,23.04,3.44,0
VSL-102,2025-01-09 16:00:00,5.51,33.99,7.61,0
VSL-102,2025-01-09 20:00:00,4.9,31.01,11.3,0
VSL-102,2025-01-10 00:00:00,6.89,35.18,0.9,1
VSL-102,2025-01-10 04:00:00,5.77,35.53,14.79,0
VSL-102,2025-01-10 08:00:00,2.65,20.16,14.23,0
VSL-102,2025-01-10 12:00:00,3.08,21.32,18.61,0
VSL-102,2025-01-10 16:00:00,5.51,29.04,5.04,0
VSL-102,2025-01-10 20:00:00,4.71,33.9,11.49,0
VSL-102,2025-01-11 00:00:00,3.07,21.06,12.83,0
VSL-102,2025-01-11 04:00:00,6.29,42.8,3.46,1
VSL-102,2025-01-11 08:00:00,0.96,5.53,10.9,0
VSL-102,2025-01-11 12:00:00,6.66,46.8,1.65,1
VSL-102,2025-01-11 16:00:00,4.15,21.88,8.03,0
VSL-102,2025-01-11 20:00:00,2.78,20.37,5.3,0
VSL-102,2025-01-12 00:00:00,3.41,26.14,7.35,0
VSL-102,2025-01-12 04:00:00,1.4,9.96,14.74,0
VSL-102,2025-01-12 08:00:00,3.36,25.88,12.61,0
VSL-102,2025-01-12 12:00:00,5.66,36.38,3.78,0
VSL-102,2025-01-12 16:00:00,7.48,40.15,4.42,1
VSL-102,2025-01-12 20:00:00,4.14,21.26,3.17,0
VSL-102,2025-01-13 00:00:00,3.97,29.12,15.27,0
VSL-102,2025-01-13 04:00:00,7.22,49.95,3.73,1
VSL-102,2025-01-13 08:00:00,6.52,39.96,4.35,1
VSL-102,2025-01-13 12:00:00,3.52,19.27,16.91,0
VSL-102,2025-01-13 16:00:00,4.93,32.73,13.15,0
VSL-102,2025-01-13 20:00:00,4.9,34.48,1.88,0
VSL-102,2025-01-14 00:00:00,7.28,45.77,0.15,1
VSL-102,2025-01-14 04:00:00,3.51,21.37,16.46,0
VSL-102,2025-01-14 08:00:00,3.81,29.56,14.48,0
VSL-102,2025-01-14 12:00:00,5.64,40.82,3.8,0
VSL-102,2025-01-14 16:00:00,3.63,28.38,16.91,0
VSL-102,2025-01-14 20:00:00,1.7,11.04,18.68,0
VSL-102,2025-01-15 00:00:00,5.74,36.65,3.98,0
VSL-102,2025-01-15 04:00:00,7.57,44.06,0.14,1
VSL-102,2025-01-15 08:00:00,5.15,26.2,11.37,0
VSL-102,2025-01-15 12:00:00,6.21,40.43,2.07,1
VSL-102,2025-01-15 16:00:00,5.18,30.74,13.74,0
VSL-102,2025-01-15 20:00:00,6.47,42.83,2.71,1
VSL-102,2025-01-16 00:00:00,4.6,36.02,3.49,0
VSL-102,2025-01-16 04:00:00,5.3,41.98,16.24,0
VSL-102,2025-01-16 08:00:00,2.78,14.17,12.03,0
VSL-102,2025-01-16 12:00:00,5.98,30.38,5.94,0
VSL-102,2025-01-16 16:00:00,7.35,46.88,1.67,1
VSL-102,2025-01-16 20:00:00,6.57,42.27,0.24,1
VSL-102,2025-01-17 00:00:00,6.27,36.03,4.82,1
VSL-102,2025-01-17 04:00:00,6.27,34.59,3.55,1
VSL-102,2025-01-17 08:00:00,1.97,15.64,4.96,0
VSL-102,2025-01-17 12:00:00,1.55,8.3,8.41,0
VSL-102,2025-01-17 16:00:00,6.16,41.98,3.42,1
VSL-103,2025-01-01 04:00:00,5.24,36.09,15.16,0
VSL-103,2025-01-01 08:00:00,0.57,3.19,4.95,0
VSL-103,2025-01-01 12:00:00,1.97,14.83,12.35,0
VSL-103,2025-01-01 16:00:00,0.55,2.78,12.37,0
VSL-103,2025-01-01 20:00:00,0.72,4.85,16.0,0
VSL-103,2025-01-02 00:00:00,4.08,22.68,2.46,0
VSL-103,2025-01-02 04:00:00,7.81,54.67,1.34,1
VSL-103,2025-01-02 08:00:00,2.2,15.98,19.08,0
VSL-103,2025-01-02 12:00:00,3.5,25.06,4.96,0
VSL-103,2025-01-02 16:00:00,3.97,28.5,10.59,0
VSL-103,2025-01-02 20:00:00,5.54,42.87,8.77,0
VSL-103,2025-01-03 00:00:00,1.91,9.96,17.47,0
VSL-103,2025-01-03 04:00:00,3.77,22.06,14.12,0
VSL-103,2025-01-03 08:00:00,6.94,53.24,3.96,1
VSL-103,2025-01-03 12:00:00,4.49,31.87,19.66,0
VSL-103,2025-01-03 16:00:00,1.58,10.36,2.1,0
VSL-103,2025-01-03 20:00:00,5.52,35.38,14.07,0
VSL-103,2025-01-04 00:00:00,7.78,46.29,2.88,1
VSL-103,2025-01-04 04:00:00,5.91,43.93,19.97,0
VSL-103,2025-01-04 08:00:00,6.84,45.79,2.67,1
VSL-103,2025-01-04 12:00:00,4.49,25.81,17.85,0
VSL-103,2025-01-04 16:00:00,7.32,38.65,2.48,1
VSL-103,2025-01-04 20:00:00,5.51,28.05,18.97,0
VSL-103,2025-01-05 00:00:00,7.14,47.21,0.79,1
VSL-103,2025-01-05 04:00:00,1.38,9.08,9.21,0
VSL-103,2025-01-05 08:00:00,3.25,24.89,5.9,0
VSL-103,2025-01-05 12:00:00,1.98,10.37,16.86,0
VSL-103,2025-01-05 16:00:00,7.63,48.1,4.76,1
VSL-103,2025-01-05 20:00:00,5.14,30.1,8.76,0
VSL-103,2025-01-06 00:00:00,5.98,31.69,4.95,0
VSL-103,2025-01-06 04:00:00,3.49,25.2,10.37,0
VSL-103,2025-01-06 08:00:00,7.03,35.47,0.18,1
VSL-103,2025-01-06 12:00:00,5.83,35.5,18.92,0
VSL-103,2025-01-06 16:00:00,3.01,16.11,4.69,0
VSL-103,2025-01-06 20:00:00,3.24,23.2,13.78,0
VSL-103,2025-01-07 00:00:00,3.46,24.64,12.8,0
VSL-103,2025-01-07 04:00:00,7.87,44.49,2.51,1
VSL-103,2025-01-07 08:00:00,5.01,25.22,12.05,0
VSL-103,2025-01-07 12:00:00,5.51,43.43,18.73,0
VSL-103,2025-01-07 16:00:00,2.96,18.39,13.83,0
VSL-103,2025-01-07 20:00:00,5.53,41.18,17.49,0
VSL-103,2025-01-08 00:00:00,1.55,10.25,15.54,0
VSL-103,2025-01-08 04:00:00,4.92,31.97,12.56,0
VSL-103,2025-01-08 08:00:00,4.89,29.6,15.58,0
VSL-103,2025-01-08 12:00:00,7.61,40.84,1.93,1
VSL-103,2025-01-08 16:00:00,0.87,6.95,6.39,0
VSL-103,2025-01-08 20:00:00,7.62,45.05,2.86,1
VSL-103,2025-01-09 00:00:00,7.32,48.62,4.97,1
VSL-103,2025-01-09 04:00:00,0.82,5.01,10.68,0
VSL-103,2025-01-09 08:00:00,2.03,11.97,10.08,0
VSL-103,2025-01-09 12:00:00,5.79,40.92,1.62,0
VSL-103,2025-01-09 16:00:00,5.89,44.91,17.24,0
VSL-103,2025-01-09 20:00:00,7.91,60.11,2.05,1
VSL-103,2025-01-10 00:00:00,5.36,36.5,19.26,0
VSL-103,2025-01-10 04:00:00,5.1,27.41,11.81,0
VSL-103,2025-01-10 08:00:00,2.08,11.22,12.64,0
VSL-103,2025-01-10 12:00:00,7.17,48.27,2.92,1
VSL-103,2025-01-10 16:00:00,7.77,38.93,4.19,1
VSL-103,2025-01-10 20:00:00,4.34,23.94,3.54,0
VSL-103,2025-01-11 00:00:00,6.66,44.79,2.08,1
VSL-103,2025-01-11 04:00:00,6.07,41.55,3.71,1
VSL-103,2025-01-11 08:00:00,4.44,29.81,5.01,0
VSL-103,2025-01-11 12:00:00,6.42,40.35,1.46,1
VSL-103,2025-01-11 16:00:00,5.54,35.72,11.04,0
VSL-103,2025-01-11 20:00:00,2.62,18.08,13.63,0
VSL-103,2025-01-12 00:00:00,2.09,15.09,16.32,0
VSL-103,2025-01-12 04:00:00,3.88,23.89,1.19,0
VSL-103,2025-01-12 08:00:00,1.51,10.59,17.0,0
VSL-103,2025-01-12 12:00:00,2.83,14.97,6.99,0
VSL-103,2025-01-12 16:00:00,4.29,31.63,4.94,0
VSL-103,2025-01-12 20:00:00,0.87,6.39,14.3,0
VSL-103,2025-01-13 00:00:00,5.24,35.5,12.01,0
VSL-103,2025-01-13 04:00:00,5.25,29.33,7.99,0
VSL-103,2025-01-13 08:00:00,5.22,36.83,19.63,0
VSL-103,2025-01-13 12:00:00,2.64,19.75,11.2,0
VSL-103,2025-01-13 16:00:00,5.88,36.61,19.36,0
VSL-103,2025-01-13 20:00:00,7.22,40.46,2.11,1
VSL-103,2025-01-14 00:00:00,3.54,24.95,17.11,0
VSL-103,2025-01-14 04:00:00,2.9,23.17,18.81,0
VSL-103,2025-01-14 08:00:00,7.04,53.32,0.39,1
VSL-103,2025-01-14 12:00:00,5.69,38.66,8.77,0
VSL-103,2025-01-14 16:00:00,5.95,30.0,16.16,0
VSL-103,2025-01-14 20:00:00,0.92,5.6,15.44,0
VSL-103,2025-01-15 00:00:00,0.9,6.82,14.66,0
VSL-103,2025-01-15 04:00:00,4.29,24.72,2.66,0
VSL-103,2025-01-15 08:00:00,2.0,12.96,6.84,0
VSL-103,2025-01-15 12:00:00,5.82,45.94,7.28,0
VSL-103,2025-01-15 16:00:00,6.9,38.98,3.98,1
VSL-103,2025-01-15 20:00:00,7.97,43.78,1.42,1
VSL-103,2025-01-16 00:00:00,4.7,25.47,14.62,0
VSL-103,2025-01-16 04:00:00,7.41,48.88,2.2,1
VSL-103,2025-01-16 08:00:00,4.53,22.87,15.85,0
VSL-103,2025-01-16 12:00:00,7.73,46.65,2.31,1
VSL-103,2025-01-16 16:00:00,3.36,23.17,2.11,0
VSL-103,2025-01-16 20:00:00,5.02,39.85,11.1,0
VSL-103,2025-01-17 00:00:00,0.89,5.56,5.95,0
VSL-103,2025-01-17 04:00:00,1.25,8.74,19.65,0
VSL-103,2025-01-17 08:00:00,5.87,30.1,8.87,0
VSL-103,2025-01-17 12:00:00,2.54,15.42,10.9,0
VSL-103,2025-01-17 16:00:00,6.69,34.52,2.7,1
VSL-104,2025-01-01 04:00:00,3.38,20.96,8.24,0
VSL-104,2025-01-01 08:00:00,6.14,39.28,4.51,1
VSL-104,2025-01-01 12:00:00,4.56,31.69,15.19,0
VSL-104,2025-01-01 16:00:00,3.5,23.66,18.89,0
VSL-104,2025-01-01 20:00:00,7.37,53.2,3.76,1
VSL-104,2025-01-02 00:00:00,0.8,6.08,16.29,0
VSL-104,2025-01-02 04:00:00,3.73,27.71,16.69,0
VSL-104,2025-01-02 08:00:00,5.17,26.28,15.88,0
VSL-104,2025-01-02 12:00:00,2.94,16.93,16.51,0
VSL-104,2025-01-02 16:00:00,2.06,10.99,1.45,0
VSL-104,2025-01-02 20:00:00,1.16,8.89,17.27,0
VSL-104,2025-01-03 00:00:00,5.6,41.43,11.15,0
VSL-104,2025-01-03 04:00:00,4.35,29.5,11.63,0
VSL-104,2025-01-03 08:00:00,1.43,9.38,19.8,0
VSL-104,2025-01-03 12:00:00,5.18,26.06,9.4,0
VSL-104,2025-01-03 16:00:00,2.14,17.06,1.78,0
VSL-104,2025-01-03 20:00:00,7.61,55.55,1.47,1
VSL-104,2025-01-04 00:00:00,1.9,15.0,16.2,0
VSL-104,2025-01-04 04:00:00,7.59,60.33,3.92,1
VSL-104,2025-01-04 08:00:00,1.5,11.13,15.45,0
VSL-104,2025-01-04 12:00:00,7.81,61.63,1.83,1
VSL-104,2025-01-04 16:00:00,2.7,17.22,17.09,0
VSL-104,2025-01-04 20:00:00,7.46,39.27,3.92,1
VSL-104,2025-01-05 00:00:00,5.51,32.35,7.68,0
VSL-104,2025-01-05 04:00:00,3.19,18.68,18.55,0
VSL-104,2025-01-05 08:00:00,1.14,8.97,7.87,0
VSL-104,2025-01-05 12:00:00,0.75,5.28,11.93,0
VSL-104,2025-01-05 16:00:00,1.15,7.85,14.93,0
VSL-104,2025-01-05 20:00:00,5.93,34.4,19.88,0
VSL-104,2025-01-06 00:00:00,4.31,21.95,5.0,0
VSL-104,2025-01-06 04:00:00,7.83,42.84,0.96,1
VSL-104,2025-01-06 08:00:00,6.14,48.05,2.04,1
VSL-104,2025-01-06 12:00:00,3.26,16.77,16.71,0
VSL-104,2025-01-06 16:00:00,0.7,4.46,7.81,0
VSL-104,2025-01-06 20:00:00,2.71,18.1,16.94,0
VSL-104,2025-01-07 00:00:00,3.38,21.03,6.84,0
VSL-104,2025-01-07 04:00:00,1.39,8.24,12.06,0
VSL-104,2025-01-07 08:00:00,5.74,36.01,3.33,0
VSL-104,2025-01-07 12:00:00,5.83,37.55,12.45,0
VSL-104,2025-01-07 16:00:00,1.53,9.61,1.23,0
VSL-104,2025-01-07 20:00:00,2.53,16.07,15.43,0
VSL-104,2025-01-08 00:00:00,3.96,23.2,10.05,0
VSL-104,2025-01-08 04:00:00,4.33,24.24,2.11,0
VSL-104,2025-01-08 08:00:00,1.19,7.77,10.84,0
VSL-104,2025-01-08 12:00:00,4.79,35.05,15.1,0
VSL-104,2025-01-08 16:00:00,3.41,26.25,8.94,0
VSL-104,2025-01-08 20:00:00,4.32,31.44,4.1,0
VSL-104,2025-01-09 00:00:00,3.52,19.48,11.29,0
VSL-104,2025-01-09 04:00:00,2.66,14.62,13.99,0
VSL-104,2025-01-09 08:00:00,5.3,29.01,15.68,0
VSL-104,2025-01-09 12:00:00,4.79,36.41,19.08,0
VSL-104,2025-01-09 16:00:00,0.95,7.22,11.35,0
VSL-104,2025-01-09 20:00:00,2.37,14.69,15.64,0
VSL-104,2025-01-10 00:00:00,7.09,43.75,2.6,1
VSL-104,2025-01-10 04:00:00,4.7,27.62,19.14,0
VSL-104,2025-01-10 08:00:00,1.8,9.43,3.8,0
VSL-104,2025-01-10 12:00:00,5.32,29.4,3.79,0
VSL-104,2025-01-10 16:00:00,0.98,6.8,10.66,0
VSL-104,2025-01-10 20:00:00,5.72,32.51,9.65,0
VSL-104,2025-01-11 00:00:00,4.23,21.13,18.72,0
VSL-104,2025-01-11 04:00:00,1.04,6.34,12.04,0
VSL-104,2025-01-11 08:00:00,6.06,45.88,4.34,1
VSL-104,2025-01-11 12:00:00,0.67,5.12,15.84,0
VSL-104,2025-01-11 16:00:00,1.66,9.18,13.94,0
VSL-104,2025-01-11 20:00:00,2.24,12.3,10.76,0
VSL-104,2025-01-12 00:00:00,3.28,16.77,11.57,0
VSL-104,2025-01-12 04:00:00,4.64,31.97,14.55,0
VSL-104,2025-01-12 08:00:00,6.47,42.84,3.0,1
VSL-104,2025-01-12 12:00:00,7.34,44.38,2.85,1
VSL-104,2025-01-12 16:00:00,2.17,15.38,14.94,0
VSL-104,2025-01-12 20:00:00,5.4,29.27,1.39,0
VSL-104,2025-01-13 00:00:00,1.27,8.52,19.17,0
VSL-104,2025-01-13 04:00:00,1.67,11.59,12.34,0
VSL-104,2025-01-13 08:00:00,1.69,13.16,7.42,0
VSL-104,2025-01-13 12:00:00,5.82,29.65,6.14,0
VSL-104,2025-01-13 16:00:00,5.58,43.93,7.31,0
VSL-104,2025-01-13 20:00:00,4.3,24.55,12.96,0
VSL-104,2025-01-14 00:00:00,2.3,17.61,5.61,0
VSL-104,2025-01-14 04:00:00,1.51,7.97,12.39,0
VSL-104,2025-01-14 08:00:00,5.22,40.7,11.29,0
VSL-104,2025-01-14 12:00:00,7.53,42.21,2.58,1
VSL-104,2025-01-14 16:00:00,6.28,47.4,4.6,1
VSL-104,2025-01-14 20:00:00,5.52,37.45,13.92,0
VSL-104,2025-01-15 00:00:00,6.43,47.26,2.2,1
VSL-104,2025-01-15 04:00:00,1.25,9.24,12.06,0
VSL-104,2025-01-15 08:00:00,5.02,35.1,15.13,0
VSL-104,2025-01-15 12:00:00,6.11,35.59,4.52,1
VSL-104,2025-01-15 16:00:00,5.74,30.56,9.62,0
VSL-104,2025-01-15 20:00:00,2.94,17.56,10.2,0
VSL-104,2025-01-16 00:00:00,4.41,22.93,13.93,0
VSL-104,2025-01-16 04:00:00,4.13,26.52,1.68,0
VSL-104,2025-01-16 08:00:00,5.4,30.44,3.79,0
VSL-104,2025-01-16 12:00:00,6.28,43.04,4.62,1
VSL-104,2025-01-16 16:00:00,1.54,10.14,2.49,0
VSL-104,2025-01-16 20:00:00,1.87,10.42,18.36,0
VSL-104,2025-01-17 00:00:00,1.82,10.66,5.83,0
VSL-104,2025-01-17 04:00:00,6.73,45.72,3.35,1
VSL-104,2025-01-17 08:00:00,0.73,4.62,5.61,0
VSL-104,2025-01-17 12:00:00,0.71,5.45,15.69,0
VSL-104,2025-01-17 16:00:00,2.88,18.07,8.2,0
VSL-105,2025-01-01 04:00:00,4.02,31.68,11.05,0
VSL-105,2025-01-01 08:00:00,6.87,46.96,4.26,1
VSL-105,2025-01-01 12:00:00,3.59,21.05,8.05,0
VSL-105,2025-01-01 16:00:00,5.49,28.8,14.58,0
VSL-105,2025-01-01 20:00:00,4.11,27.8,13.53,0
VSL-105,2025-01-02 00:00:00,1.42,10.09,3.25,0
VSL-105,2025-01-02 04:00:00,5.56,34.48,9.28,0
VSL-105,2025-01-02 08:00:00,7.57,38.66,4.38,1
VSL-105,2025-01-02 12:00:00,5.45,34.72,16.89,0
VSL-105,2025-01-02 16:00:00,6.19,36.37,1.01,1
VSL-105,2025-01-02 20:00:00,0.52,3.24,3.17,0
VSL-105,2025-01-03 00:00:00,7.45,41.32,1.33,1
VSL-105,2025-01-03 04:00:00,2.78,17.77,7.92,0
VSL-105,2025-01-03 08:00:00,3.93,20.82,2.37,0
VSL-105,2025-01-03 12:00:00,3.47,21.47,17.43,0
VSL-105,2025-01-03 16:00:00,5.43,35.85,19.5,0
VSL-105,2025-01-03 20:00:00,4.32,32.6,2.29,0
VSL-105,2025-01-04 00:00:00,3.54,24.67,10.77,0
VSL-105,2025-01-04 04:00:00,7.62,40.53,4.13,1
VSL-105,2025-01-04 08:00:00,7.44,42.61,0.39,1
VSL-105,2025-01-04 12:00:00,4.15,28.93,10.93,0
VSL-105,2025-01-04 16:00:00,7.88,49.89,2.73,1
VSL-105,2025-01-04 20:00:00,3.64,20.52,19.41,0
VSL-105,2025-01-05 00:00:00,6.38,48.39,1.43,1
VSL-105,2025-01-05 04:00:00,6.31,32.66,2.56,1
VSL-105,2025-01-05 08:00:00,3.23,24.58,13.75,0
VSL-105,2025-01-05 12:00:00,5.61,35.98,6.26,0
VSL-105,2025-01-05 16:00:00,5.74,41.08,14.74,0
VSL-105,2025-01-05 20:00:00,1.55,11.13,15.03,0
VSL-105,2025-01-06 00:00:00,5.3,27.73,17.57,0
VSL-105,2025-01-06 04:00:00,1.25,9.24,8.47,0
VSL-105,2025-01-06 08:00:00,3.06,18.16,10.95,0
VSL-105,2025-01-06 12:00:00,1.68,9.07,14.74,0
VSL-105,2025-01-06 16:00:00,3.03,15.64,5.02,0
VSL-105,2025-01-06 20:00:00,3.22,23.9,17.99,0
VSL-105,2025-01-07 00:00:00,4.13,31.42,11.37,0
VSL-105,2025-01-07 04:00:00,2.55,12.8,5.66,0
VSL-105,2025-01-07 08:00:00,1.04,7.88,6.92,0
VSL-105,2025-01-07 12:00:00,5.41,28.13,6.25,0
VSL-105,2025-01-07 16:00:00,6.82,34.7,3.94,1
VSL-105,2025-01-07 20:00:00,4.7,26.05,15.37,0
VSL-105,2025-01-08 00:00:00,4.98,32.47,17.38,0
VSL-105,2025-01-08 04:00:00,1.68,10.84,11.87,0
VSL-105,2025-01-08 08:00:00,7.77,39.53,4.67,1
VSL-105,2025-01-08 12:00:00,7.09,38.66,3.23,1
VSL-105,2025-01-08 16:00:00,4.25,31.06,8.85,0
VSL-105,2025-01-08 20:00:00,6.84,52.09,3.62,1
VSL-105,2025-01-09 00:00:00,2.72,14.1,16.13,0
VSL-105,2025-01-09 04:00:00,2.75,21.23,7.51,0
VSL-105,2025-01-09 08:00:00,1.22,8.1,19.09,0
VSL-105,2025-01-09 12:00:00,4.67,36.78,1.19,0
VSL-105,2025-01-09 16:00:00,1.06,7.57,11.74,0
VSL-105,2025-01-09 20:00:00,3.26,20.91,18.03,0
VSL-105,2025-01-10 00:00:00,2.04,13.18,7.41,0
VSL-105,2025-01-10 04:00:00,2.61,19.34,11.01,0
VSL-105,2025-01-10 08:00:00,4.07,20.8,5.55,0
VSL-105,2025-01-10 12:00:00,6.39,38.4,4.35,1
VSL-105,2025-01-10 16:00:00,3.11,19.62,1.06,0
VSL-105,2025-01-10 20:00:00,2.98,15.73,13.41,0
VSL-105,2025-01-11 00:00:00,0.95,5.32,12.87,0
VSL-105,2025-01-11 04:00:00,7.51,39.2,3.42,1
VSL-105,2025-01-11 08:00:00,6.81,47.06,2.88,1
VSL-105,2025-01-11 12:00:00,3.36,25.54,7.05,0
VSL-105,2025-01-11 16:00:00,1.08,6.35,13.43,0
VSL-105,2025-01-11 20:00:00,2.52,13.28,12.52,0
VSL-105,2025-01-12 00:00:00,4.81,32.57,2.57,0
VSL-105,2025-01-12 04:00:00,2.26,15.95,16.76,0
VSL-105,2025-01-12 08:00:00,1.88,12.52,4.4,0
VSL-105,2025-01-12 12:00:00,4.04,32.12,12.99,0
VSL-105,2025-01-12 16:00:00,6.71,39.35,1.37,1
VSL-105,2025-01-12 20:00:00,4.76,35.22,5.04,0
VSL-105,2025-01-13 00:00:00,6.46,51.12,3.6,1
VSL-105,2025-01-13 04:00:00,2.5,19.56,5.48,0
VSL-105,2025-01-13 08:00:00,7.9,43.14,3.07,1
VSL-105,2025-01-13 12:00:00,6.79,52.1,3.86,1
VSL-105,2025-01-13 16:00:00,4.38,22.03,12.1,0
VSL-105,2025-01-13 20:00:00,2.34,11.87,9.22,0
VSL-105,2025-01-14 00:00:00,2.14,16.85,14.58,0
VSL-105,2025-01-14 04:00:00,2.8,19.32,8.55,0
VSL-105,2025-01-14 08:00:00,4.2,23.74,14.5,0
VSL-105,2025-01-14 12:00:00,4.78,25.93,9.1,0
VSL-105,2025-01-14 16:00:00,4.6,28.99,9.15,0
VSL-105,2025-01-14 20:00:00,6.72,44.54,1.77,1
VSL-105,2025-01-15 00:00:00,2.85,20.76,13.25,0
VSL-105,2025-01-15 04:00:00,2.44,17.55,3.91,0
VSL-105,2025-01-15 08:00:00,0.97,7.3,12.01,0
VSL-105,2025-01-15 12:00:00,7.67,54.67,2.26,1
VSL-105,2025-01-15 16:00:00,6.87,50.34,0.74,1
VSL-105,2025-01-15 20:00:00,5.04,28.59,5.14,0
VSL-105,2025-01-16 00:00:00,2.74,17.21,3.73,0
VSL-105,2025-01-16 04:00:00,2.25,12.44,7.73,0
VSL-105,2025-01-16 08:00:00,5.48,31.93,9.05,0
VSL-105,2025-01-16 12:00:00,4.54,34.07,7.97,0
VSL-105,2025-01-16 16:00:00,4.19,30.18,7.17,0
VSL-105,2025-01-16 20:00:00,6.38,34.42,1.19,1
VSL-105,2025-01-17 00:00:00,3.34,20.07,15.64,0
VSL-105,2025-01-17 04:00:00,5.79,31.21,19.96,0
VSL-105,2025-01-17 08:00:00,6.38,45.78,1.3,1
VSL-105,2025-01-17 12:00:00,0.71,4.4,1.4,0
VSL-105,2025-01-17 16:00:00,3.27,25.93,14.68,0
VSL-106,2025-01-01 04:00:00,4.85,30.68,10.34,0
VSL-106,2025-01-01 08:00:00,4.19,29.29,2.03,0
VSL-106,2025-01-01 12:00:00,7.09,51.65,3.16,1
VSL-106,2025-01-01 16:00:00,3.4,17.67,12.01,0
VSL-106,2025-01-01 20:00:00,7.0,50.93,0.69,1
VSL-106,2025-01-02 00:00:00,3.0,18.5,11.99,0
VSL-106,2025-01-02 04:00:00,4.4,32.68,12.1,0
VSL-106,2025-01-02 08:00:00,6.44,37.05,0.65,1
VSL-106,2025-01-02 12:00:00,6.24,32.29,2.95,1
VSL-106,2025-01-02 16:00:00,4.32,30.06,17.43,0
VSL-106,2025-01-02 20:00:00,7.5,46.56,4.1,1
VSL-106,2025-01-03 00:00:00,5.85,41.07,10.29,0
VSL-106,2025-01-03 04:00:00,2.57,12.99,14.34,0
VSL-106,2025-01-03 08:00:00,6.44,49.39,3.75,1
VSL-106,2025-01-03 12:00:00,6.56,33.97,2.13,1
VSL-106,2025-01-03 16:00:00,3.95,25.66,2.62,0
VSL-106,2025-01-03 20:00:00,5.23,40.84,15.13,0
VSL-106,2025-01-04 00:00:00,5.88,36.45,18.39,0
VSL-106,2025-01-04 04:00:00,2.6,15.58,1.51,0
VSL-106,2025-01-04 08:00:00,4.07,27.25,1.7,0
VSL-106,2025-01-04 12:00:00,4.74,37.8,3.64,0
VSL-106,2025-01-04 16:00:00,6.14,44.74,1.0,1
VSL-106,2025-01-04 20:00:00,0.86,6.47,8.83,0
VSL-106,2025-01-05 00:00:00,5.83,31.89,9.11,0
VSL-106,2025-01-05 04:00:00,6.48,40.25,0.61,1
VSL-106,2025-01-05 08:00:00,3.13,18.72,8.85,0
VSL-106,2025-01-05 12:00:00,6.21,32.32,0.19,1
VSL-106,2025-01-05 16:00:00,1.51,11.8,5.49,0
VSL-106,2025-01-05 20:00:00,6.61,35.32,0.38,1
VSL-106,2025-01-06 00:00:00,2.01,13.93,11.01,0
VSL-106,2025-01-06 04:00:00,3.42,22.23,1.49,0
VSL-106,2025-01-06 08:00:00,3.95,26.87,1.05,0
VSL-106,2025-01-06 12:00:00,6.4,36.25,2.25,1
VSL-106,2025-01-06 16:00:00,4.15,22.76,15.0,0
VSL-106,2025-01-06 20:00:00,2.3,16.24,1.1,0
VSL-106,2025-01-07 00:00:00,6.24,48.76,2.31,1
VSL-106,2025-01-07 04:00:00,6.26,33.92,0.13,1
VSL-106,2025-01-07 08:00:00,2.9,20.9,1.12,0
VSL-106,2025-01-07 12:00:00,2.56,16.36,4.31,0
VSL-106,2025-01-07 16:00:00,6.4,35.26,2.54,1
VSL-106,2025-01-07 20:00:00,1.74,11.56,8.11,0
VSL-106,2025-01-08 00:00:00,2.61,19.21,9.17,0
VSL-106,2025-01-08 04:00:00,6.53,52.01,0.21,1
VSL-106,2025-01-08 08:00:00,4.64,35.83,13.51,0
VSL-106,2025-01-08 12:00:00,6.67,46.21,2.98,1
VSL-106,2025-01-08 16:00:00,5.96,41.59,12.55,0
VSL-106,2025-01-08 20:00:00,7.03,50.03,0.71,1
VSL-106,2025-01-09 00:00:00,3.25,16.95,13.74,0
VSL-106,2025-01-09 04:00:00,7.89,40.9,3.09,1
VSL-106,2025-01-09 08:00:00,7.64,55.48,3.11,1
VSL-106,2025-01-09 12:00:00,6.16,40.31,2.31,1
VSL-106,2025-01-09 16:00:00,4.95,32.24,13.05,0
VSL-106,2025-01-09 20:00:00,6.06,34.22,4.51,1
VSL-106,2025-01-10 00:00:00,6.32,40.26,1.58,1
VSL-106,2025-01-10 04:00:00,2.59,15.18,14.14,0
VSL-106,2025-01-10 08:00:00,4.3,30.08,8.2,0
VSL-106,2025-01-10 12:00:00,4.5,33.58,16.42,0
VSL-106,2025-01-10 16:00:00,4.44,34.51,18.75,0
VSL-106,2025-01-10 20:00:00,6.25,48.24,2.23,1
VSL-106,2025-01-11 00:00:00,1.64,11.14,13.57,0
VSL-106,2025-01-11 04:00:00,5.1,37.92,19.01,0
VSL-106,2025-01-11 08:00:00,0.77,5.76,12.47,0
VSL-106,2025-01-11 12:00:00,2.86,15.9,13.52,0
VSL-106,2025-01-11 16:00:00,0.92,6.88,16.78,0
VSL-106,2025-01-11 20:00:00,0.76,5.63,10.86,0
VSL-106,2025-01-12 00:00:00,5.83,36.86,16.86,0
VSL-106,2025-01-12 04:00:00,4.12,27.31,13.23,0
VSL-106,2025-01-12 08:00:00,5.89,38.01,7.42,0
VSL-106,2025-01-12 12:00:00,4.71,30.73,6.04,0
VSL-106,2025-01-12 16:00:00,7.91,45.29,2.96,1
VSL-106,2025-01-12 20:00:00,5.68,34.51,19.61,0
VSL-106,2025-01-13 00:00:00,7.3,37.46,2.89,1
VSL-106,2025-01-13 04:00:00,4.87,30.9,17.73,0
VSL-106,2025-01-13 08:00:00,3.88,31.04,4.27,0
VSL-106,2025-01-13 12:00:00,7.34,50.78,2.92,1
VSL-106,2025-01-13 16:00:00,0.67,4.42,1.89,0
VSL-106,2025-01-13 20:00:00,6.72,39.12,0.11,1
VSL-106,2025-01-14 00:00:00,7.7,38.84,2.23,1
VSL-106,2025-01-14 04:00:00,1.25,8.72,6.23,0
VSL-106,2025-01-14 08:00:00,0.71,5.22,18.05,0
VSL-106,2025-01-14 12:00:00,0.67,4.27,10.84,0
VSL-106,2025-01-14 16:00:00,3.65,20.24,16.53,0
VSL-106,2025-01-14 20:00:00,6.12,39.12,1.42,1
VSL-106,2025-01-15 00:00:00,7.03,54.4,0.45,1
VSL-106,2025-01-15 04:00:00,4.3,30.02,7.31,0
VSL-106,2025-01-15 08:00:00,7.4,55.44,1.94,1
VSL-106,2025-01-15 12:00:00,4.25,22.15,19.84,0
VSL-106,2025-01-15 16:00:00,4.96,30.32,3.38,0
VSL-106,2025-01-15 20:00:00,6.34,37.14,0.25,1
VSL-106,2025-01-16 00:00:00,6.06,40.41,3.57,1
VSL-106,2025-01-16 04:00:00,5.47,36.8,6.83,0
VSL-106,2025-01-16 08:00:00,2.54,13.27,4.5,0
VSL-106,2025-01-16 12:00:00,0.69,4.86,9.73,0
VSL-106,2025-01-16 16:00:00,0.57,3.73,11.49,0
VSL-106,2025-01-16 20:00:00,5.39,41.96,19.27,0
VSL-106,2025-01-17 00:00:00,2.25,17.52,13.36,0
VSL-106,2025-01-17 04:00:00,0.51,3.22,8.06,0
VSL-106,2025-01-17 08:00:00,5.94,38.6,5.77,0
VSL-106,2025-01-17 12:00:00,2.13,16.37,15.43,0
VSL-106,2025-01-17 16:00:00,1.9,11.26,7.41,0
VSL-107,2025-01-01 04:00:00,2.01,11.17,16.45,0
VSL-107,2025-01-01 08:00:00,4.32,25.17,7.7,0
VSL-107,2025-01-01 12:00:00,2.99,20.92,17.53,0
VSL-107,2025-01-01 16:00:00,4.51,29.8,19.56,0
VSL-107,2025-01-01 20:00:00,4.51,24.31,16.57,0
VSL-107,2025-01-02 00:00:00,4.64,30.42,6.02,0
VSL-107,2025-01-02 04:00:00,3.7,18.75,13.4,0
VSL-107,2025-01-02 08:00:00,0.74,4.85,15.59,0
VSL-107,2025-01-02 12:00:00,4.04,23.56,7.97,0
VSL-107,2025-01-02 16:00:00,0.69,4.39,12.33,0
VSL-107,2025-01-02 20:00:00,5.58,34.24,19.32,0
VSL-107,2025-01-03 00:00:00,1.79,14.26,19.51,0
VSL-107,2025-01-03 04:00:00,5.34,29.62,16.46,0
VSL-107,2025-01-03 08:00:00,7.17,49.01,4.74,1
VSL-107,2025-01-03 12:00:00,3.48,24.62,19.79,0
VSL-107,2025-01-03 16:00:00,2.91,15.5,11.13,0
VSL-107,2025-01-03 20:00:00,3.23,22.97,1.18,0
VSL-107,2025-01-04 00:00:00,7.77,45.04,0.49,1
VSL-107,2025-01-04 04:00:00,3.86,29.95,7.68,0
VSL-107,2025-01-04 08:00:00,0.51,3.24,4.7,0
VSL-107,2025-01-04 12:00:00,2.26,17.81,8.61,0
VSL-107,2025-01-04 16:00:00,5.07,37.04,4.28,0
VSL-107,2025-01-04 20:00:00,3.32,17.64,13.18,0
VSL-107,2025-01-05 00:00:00,5.08,33.86,18.28,0
VSL-107,2025-01-05 04:00:00,7.39,39.41,0.55,1
VSL-107,2025-01-05 08:00:00,6.67,48.3,4.35,1
VSL-107,2025-01-05 12:00:00,7.73,45.48,3.81,1
VSL-107,2025-01-05 16:00:00,1.42,10.79,4.46,0
VSL-107,2025-01-05 20:00:00,1.73,11.06,4.16,0
VSL-107,2025-01-06 00:00:00,5.87,41.7,10.5,0
VSL-107,2025-01-06 04:00:00,4.58,26.12,14.47,0
VSL-107,2025-01-06 08:00:00,6.05,47.56,2.02,1
VSL-107,2025-01-06 12:00:00,7.87,54.56,1.86,1
VSL-107,2025-01-06 16:00:00,5.93,34.87,14.86,0
VSL-107,2025-01-06 20:00:00,4.08,29.79,1.71,0
VSL-107,2025-01-07 00:00:00,4.39,34.28,13.32,0
VSL-107,2025-01-07 04:00:00,3.23,25.33,7.05,0
VSL-107,2025-01-07 08:00:00,3.84,29.55,3.29,0
VSL-107,2025-01-07 12:00:00,1.03,6.05,10.72,0
VSL-107,2025-01-07 16:00:00,6.34,46.28,0.18,1
VSL-107,2025-01-07 20:00:00,4.7,30.58,17.18,0
VSL-107,2025-01-08 00:00:00,6.4,50.84,2.15,1
VSL-107,2025-01-08 04:00:00,6.78,45.92,4.94,1
VSL-107,2025-01-08 08:00:00,2.27,14.87,1.59,0
VSL-107,2025-01-08 12:00:00,7.88,47.15,1.34,1
VSL-107,2025-01-08 16:00:00,6.96,37.53,0.62,1
VSL-107,2025-01-08 20:00:00,7.91,46.14,3.51,1
VSL-107,2025-01-09 00:00:00,1.82,12.16,1.38,0
VSL-107,2025-01-09 04:00:00,5.85,35.49,9.08,0
VSL-107,2025-01-09 08:00:00,1.15,8.4,15.72,0
VSL-107,2025-01-09 12:00:00,7.68,47.07,2.68,1
VSL-107,2025-01-09 16:00:00,5.84,46.35,6.39,0
VSL-107,2025-01-09 20:00:00,3.89,29.12,19.63,0
VSL-107,2025-01-10 00:00:00,4.03,24.12,12.54,0
VSL-107,2025-01-10 04:00:00,5.58,33.22,1.64,0
VSL-107,2025-01-10 08:00:00,1.78,9.84,12.87,0
VSL-107,2025-01-10 12:00:00,7.53,50.66,4.28,1
VSL-107,2025-01-10 16:00:00,2.52,17.08,17.6,0
VSL-107,2025-01-10 20:00:00,4.54,32.45,14.62,0
VSL-107,2025-01-11 00:00:00,2.39,17.62,16.09,0
VSL-107,2025-01-11 04:00:00,6.61,41.79,1.75,1
VSL-107,2025-01-11 08:00:00,1.79,9.11,19.32,0
VSL-107,2025-01-11 12:00:00,0.66,3.58,14.84,0
VSL-107,2025-01-11 16:00:00,6.31,44.08,1.69,1
VSL-107,2025-01-11 20:00:00,7.27,46.87,1.85,1
VSL-107,2025-01-12 00:00:00,3.58,26.78,9.52,0
VSL-107,2025-01-12 04:00:00,3.46,18.58,6.65,0
VSL-107,2025-01-12 08:00:00,4.81,24.61,9.85,0
VSL-107,2025-01-12 12:00:00,7.15,39.56,0.77,1
VSL-107,2025-01-12 16:00:00,5.81,45.6,13.77,0
VSL-107,2025-01-12 20:00:00,0.91,6.01,13.46,0
VSL-107,2025-01-13 00:00:00,0.85,6.13,12.27,0
VSL-107,2025-01-13 04:00:00,0.6,4.29,11.78,0
VSL-107,2025-01-13 08:00:00,6.21,44.42,0.58,1
VSL-107,2025-01-13 12:00:00,5.34,41.64,19.2,0
VSL-107,2025-01-13 16:00:00,6.44,46.04,4.69,1
VSL-107,2025-01-13 20:00:00,4.0,26.68,6.81,0
VSL-107,2025-01-14 00:00:00,6.79,35.66,4.49,1
VSL-107,2025-01-14 04:00:00,2.26,17.62,2.58,0
VSL-107,2025-01-14 08:00:00,3.28,19.94,19.7,0
VSL-107,2025-01-14 12:00:00,1.4,10.94,5.76,0
VSL-107,2025-01-14 16:00:00,3.89,20.55,1.1,0
VSL-107,2025-01-14 20:00:00,6.8,53.49,0.74,1
VSL-107,2025-01-15 00:00:00,5.1,33.89,16.15,0
VSL-107,2025-01-15 04:00:00,3.23,19.12,18.38,0
VSL-107,2025-01-15 08:00:00,3.97,27.35,15.21,0
VSL-107,2025-01-15 12:00:00,1.13,7.25,2.47,0
VSL-107,2025-01-15 16:00:00,0.57,3.56,14.6,0
VSL-107,2025-01-15 20:00:00,5.93,47.38,19.92,0
VSL-107,2025-01-16 00:00:00,1.49,10.46,6.63,0
VSL-107,2025-01-16 04:00:00,2.89,16.57,13.98,0
VSL-107,2025-01-16 08:00:00,7.32,55.78,3.42,1
VSL-107,2025-01-16 12:00:00,3.09,22.53,15.26,0
VSL-107,2025-01-16 16:00:00,4.15,28.21,12.25,0
VSL-107,2025-01-16 20:00:00,5.08,26.4,17.3,0
VSL-107,2025-01-17 00:00:00,0.77,3.94,10.63,0
VSL-107,2025-01-17 04:00:00,3.57,23.3,11.32,0
VSL-107,2025-01-17 08:00:00,4.56,33.23,9.8,0
VSL-107,2025-01-17 12:00:00,4.5,25.16,16.82,0
VSL-107,2025-01-17 16:00:00,2.43,13.96,10.66,0
VSL-108,2025-01-01 04:00:00,7.17,52.27,1.41,1
VSL-108,2025-01-01 08:00:00,4.82,31.78,4.24,0
VSL-108,2025-01-01 12:00:00,2.21,14.98,19.39,0
VSL-108,2025-01-01 16:00:00,7.31,37.74,0.99,1
VSL-108,2025-01-01 20:00:00,5.66,31.03,18.52,0
VSL-108,2025-01-02 00:00:00,2.13,13.3,8.82,0
VSL-108,2025-01-02 04:00:00,2.83,19.87,19.85,0
VSL-108,2025-01-02 08:00:00,7.3,37.09,4.87,1
VSL-108,2025-01-02 12:00:00,0.52,2.89,13.45,0
VSL-108,2025-01-02 16:00:00,1.54,11.9,14.94,0
VSL-108,2025-01-02 20:00:00,3.6,22.82,19.73,0
VSL-108,2025-01-03 00:00:00,5.83,36.85,9.35,0
VSL-108,2025-01-03 04:00:00,3.04,17.55,9.57,0
VSL-108,2025-01-03 08:00:00,6.0,31.22,0.42,1
VSL-108,2025-01-03 12:00:00,1.9,12.55,11.79,0
VSL-108,2025-01-03 16:00:00,6.52,40.39,1.57,1
VSL-108,2025-01-03 20:00:00,5.35,29.82,13.42,0
VSL-108,2025-01-04 00:00:00,1.02,7.98,15.28,0
VSL-108,2025-01-04 04:00:00,5.44,34.27,19.37,0
VSL-108,2025-01-04 08:00:00,6.8,36.83,0.1,1
VSL-108,2025-01-04 12:00:00,0.81,4.57,1.26,0
VSL-108,2025-01-04 16:00:00,4.62,35.59,18.25,0
VSL-108,2025-01-04 20:00:00,6.83,43.09,3.25,1
VSL-108,2025-01-05 00:00:00,7.13,53.19,2.14,1
VSL-108,2025-01-05 04:00:00,1.69,8.59,8.39,0
VSL-108,2025-01-05 08:00:00,1.31,10.25,15.84,0
VSL-108,2025-01-05 12:00:00,5.52,40.07,12.08,0
VSL-108,2025-01-05 16:00:00,3.43,22.43,9.24,0
VSL-108,2025-01-05 20:00:00,4.6,30.95,15.22,0
VSL-108,2025-01-06 00:00:00,7.41,37.66,3.75,1
VSL-108,2025-01-06 04:00:00,5.19,37.66,8.46,0
VSL-108,2025-01-06 08:00:00,1.92,9.99,17.52,0
VSL-108,2025-01-06 12:00:00,0.54,3.86,4.17,0
VSL-108,2025-01-06 16:00:00,5.64,30.4,7.73,0
VSL-108,2025-01-06 20:00:00,1.83,11.29,11.97,0
VSL-108,2025-01-07 00:00:00,6.83,41.76,4.28,1
VSL-108,2025-01-07 04:00:00,1.37,10.69,1.86,0
VSL-108,2025-01-07 08:00:00,6.65,36.43,1.94,1
VSL-108,2025-01-07 12:00:00,6.99,44.24,3.37,1
VSL-108,2025-01-07 16:00:00,7.8,42.26,1.98,1
VSL-108,2025-01-07 20:00:00,2.92,17.27,4.79,0
VSL-108,2025-01-08 00:00:00,0.6,3.97,17.09,0
VSL-108,2025-01-08 04:00:00,4.45,33.41,3.96,0
VSL-108,2025-01-08 08:00:00,3.74,29.61,1.08,0
VSL-108,2025-01-08 12:00:00,3.84,24.52,4.82,0
VSL-108,2025-01-08 16:00:00,0.86,5.92,5.77,0
VSL-108,2025-01-08 20:00:00,5.72,33.85,1.92,0
VSL-108,2025-01-09 00:00:00,0.52,3.54,4.95,0
VSL-108,2025-01-09 04:00:00,3.0,23.32,20.0,0
VSL-108,2025-01-09 08:00:00,2.6,13.93,15.44,0
VSL-108,2025-01-09 12:00:00,4.19,26.88,5.84,0
VSL-108,2025-01-09 16:00:00,4.83,38.17,6.85,0
VSL-108,2025-01-09 20:00:00,1.3,8.66,6.55,0
VSL-108,2025-01-10 00:00:00,4.67,25.02,1.49,0
VSL-108,2025-01-10 04:00:00,4.63,29.52,17.43,0
VSL-108,2025-01-10 08:00:00,6.95,53.49,2.03,1
VSL-108,2025-01-10 12:00:00,1.76,13.73,8.13,0
VSL-108,2025-01-10 16:00:00,6.12,38.51,2.09,1
VSL-108,2025-01-10 20:00:00,6.95,42.63,0.23,1
VSL-108,2025-01-11 00:00:00,5.04,29.41,13.67,0
VSL-108,2025-01-11 04:00:00,3.12,18.8,5.78,0
VSL-108,2025-01-11 08:00:00,3.26,23.41,8.19,0
VSL-108,2025-01-11 12:00:00,2.19,11.02,11.16,0
VSL-108,2025-01-11 16:00:00,2.03,13.65,2.1,0
VSL-108,2025-01-11 20:00:00,1.23,8.37,11.18,0
VSL-108,2025-01-12 00:00:00,7.8,51.99,4.75,1
VSL-108,2025-01-12 04:00:00,2.26,13.85,10.59,0
VSL-108,2025-01-12 08:00:00,0.73,4.27,5.73,0
VSL-108,2025-01-12 12:00:00,1.92,12.44,5.01,0
VSL-108,2025-01-12 16:00:00,2.86,19.41,6.5,0
VSL-108,2025-01-12 20:00:00,7.9,46.07,2.35,1
VSL-108,2025-01-13 00:00:00,5.23,26.32,2.11,0
VSL-108,2025-01-13 04:00:00,2.15,16.75,4.42,0
VSL-108,2025-01-13 08:00:00,2.09,15.57,4.1,0
VSL-108,2025-01-13 12:00:00,3.83,21.74,16.86,0
VSL-108,2025-01-13 16:00:00,4.77,27.94,13.29,0
VSL-108,2025-01-13 20:00:00,7.83,60.2,0.23,1
VSL-108,2025-01-14 00:00:00,5.92,40.36,7.04,0
VSL-108,2025-01-14 04:00:00,3.91,24.65,13.84,0
VSL-108,2025-01-14 08:00:00,6.31,38.56,1.24,1
VSL-108,2025-01-14 12:00:00,6.93,41.39,2.66,1
VSL-108,2025-01-14 16:00:00,1.43,9.83,3.31,0
VSL-108,2025-01-14 20:00:00,3.24,25.27,7.77,0
VSL-108,2025-01-15 00:00:00,4.84,35.97,2.92,0
VSL-108,2025-01-15 04:00:00,7.51,38.8,3.33,1
VSL-108,2025-01-15 08:00:00,3.11,20.56,16.65,0
VSL-108,2025-01-15 12:00:00,1.44,10.21,3.04,0
VSL-108,2025-01-15 16:00:00,7.35,57.5,0.88,1
VSL-108,2025-01-15 20:00:00,3.68,27.39,14.94,0
VSL-108,2025-01-16 00:00:00,7.42,55.69,1.18,1
VSL-108,2025-01-16 04:00:00,6.11,41.89,4.64,1
VSL-108,2025-01-16 08:00:00,6.72,42.79,2.79,1
VSL-108,2025-01-16 12:00:00,2.97,16.44,17.47,0
VSL-108,2025-01-16 16:00:00,4.67,26.84,14.77,0
VSL-108,2025-01-16 20:00:00,1.25,6.64,4.07,0
VSL-108,2025-01-17 00:00:00,1.27,9.72,15.16,0
VSL-108,2025-01-17 04:00:00,7.45,48.05,4.67,1
VSL-108,2025-01-17 08:00:00,5.21,27.96,6.76,0
VSL-108,2025-01-17 12:00:00,4.12,21.29,1.66,0
VSL-108,2025-01-17 16:00:00,4.42,25.41,16.22,0
VSL-109,2025-01-01 04:00:00,2.54,14.92,5.02,0
VSL-109,2025-01-01 08:00:00,5.51,37.62,7.69,0
VSL-109,2025-01-01 12:00:00,4.25,29.57,19.96,0
VSL-109,2025-01-01 16:00:00,6.13,43.32,1.96,1
VSL-109,2025-01-01 20:00:00,6.28,42.87,1.62,1
VSL-109,2025-01-02 00:00:00,1.01,6.11,2.53,0
VSL-109,2025-01-02 04:00:00,5.27,27.27,1.82,0
VSL-109,2025-01-02 08:00:00,7.81,53.8,1.59,1
VSL-109,2025-01-02 12:00:00,4.26,27.66,11.11,0
VSL-109,2025-01-02 16:00:00,6.4,38.96,1.45,1
VSL-109,2025-01-02 20:00:00,7.74,58.17,2.68,1
VSL-109,2025-01-03 00:00:00,2.49,18.46,19.91,0
VSL-109,2025-01-03 04:00:00,7.83,53.24,4.97,1
VSL-109,2025-01-03 08:00:00,5.31,35.05,12.62,0
VSL-109,2025-01-03 12:00:00,1.75,11.19,3.75,0
VSL-109,2025-01-03 16:00:00,3.87,30.75,15.0,0
VSL-109,2025-01-03 20:00:00,5.7,34.25,2.52,0
VSL-109,2025-01-04 00:00:00,6.78,44.63,2.83,1
VSL-109,2025-01-04 04:00:00,3.9,21.66,18.59,0
VSL-109,2025-01-04 08:00:00,1.0,5.53,13.15,0
VSL-109,2025-01-04 12:00:00,7.02,36.82,2.89,1
VSL-109,2025-01-04 16:00:00,6.82,53.07,2.18,1
VSL-109,2025-01-04 20:00:00,2.58,20.05,9.82,0
VSL-109,2025-01-05 00:00:00,2.3,17.6,3.98,0
VSL-109,2025-01-05 04:00:00,5.27,27.63,13.45,0
VSL-109,2025-01-05 08:00:00,7.91,50.05,1.49,1
VSL-109,2025-01-05 12:00:00,4.66,26.13,19.84,0
VSL-109,2025-01-05 16:00:00,4.9,24.7,17.37,0
VSL-109,2025-01-05 20:00:00,0.62,4.22,7.82,0
VSL-109,2025-01-06 00:00:00,2.88,22.86,17.75,0
VSL-109,2025-01-06 04:00:00,6.19,33.04,5.0,1
VSL-109,2025-01-06 08:00:00,1.73,11.15,10.31,0
VSL-109,2025-01-06 12:00:00,2.05,11.69,19.98,0
VSL-109,2025-01-06 16:00:00,7.61,38.88,0.5,1
VSL-109,2025-01-06 20:00:00,3.59,20.38,5.04,0
VSL-109,2025-01-07 00:00:00,2.6,15.89,2.04,0
VSL-109,2025-01-07 04:00:00,1.58,9.61,13.83,0
VSL-109,2025-01-07 08:00:00,3.69,25.59,11.21,0
VSL-109,2025-01-07 12:00:00,0.58,3.77,8.04,0
VSL-109,2025-01-07 16:00:00,5.11,39.89,12.1,0
VSL-109,2025-01-07 20:00:00,0.9,6.71,8.64,0
VSL-109,2025-01-08 00:00:00,1.25,8.25,5.54,0
VSL-109,2025-01-08 04:00:00,4.29,32.43,2.25,0
VSL-109,2025-01-08 08:00:00,7.9,43.49,4.29,1
VSL-109,2025-01-08 12:00:00,2.97,21.75,9.91,0
VSL-109,2025-01-08 16:00:00,6.02,42.22,1.29,1
VSL-109,2025-01-08 20:00:00,6.85,44.37,1.46,1
VSL-109,2025-01-09 00:00:00,3.97,25.4,5.85,0
VSL-109,2025-01-09 04:00:00,5.52,39.37,8.23,0
VSL-109,2025-01-09 08:00:00,4.18,25.84,5.15,0
VSL-109,2025-01-09 12:00:00,6.15,38.66,2.82,1
VSL-109,2025-01-09 16:00:00,2.56,14.19,4.19,0
VSL-109,2025-01-09 20:00:00,5.99,35.97,5.56,0
VSL-109,2025-01-10 00:00:00,7.99,57.97,4.31,1
VSL-109,2025-01-10 04:00:00,4.85,35.4,14.84,0
VSL-109,2025-01-10 08:00:00,3.0,23.51,18.87,0
VSL-109,2025-01-10 12:00:00,2.73,14.28,11.25,0
VSL-109,2025-01-10 16:00:00,7.7,53.15,2.12,1
VSL-109,2025-01-10 20:00:00,6.51,38.14,0.22,1
VSL-109,2025-01-11 00:00:00,7.19,45.77,0.83,1
VSL-109,2025-01-11 04:00:00,3.47,22.73,3.59,0
VSL-109,2025-01-11 08:00:00,4.49,34.12,1.31,0
VSL-109,2025-01-11 12:00:00,6.5,34.7,2.0,1
VSL-109,2025-01-11 16:00:00,4.46,28.34,4.08,0
VSL-109,2025-01-11 20:00:00,4.59,24.91,3.39,0
VSL-109,2025-01-12 00:00:00,5.71,37.45,7.89,0
VSL-109,2025-01-12 04:00:00,4.92,34.6,8.02,0
VSL-109,2025-01-12 08:00:00,5.06,25.51,9.25,0
VSL-109,2025-01-12 12:00:00,4.35,30.53,6.29,0
VSL-109,2025-01-12 16:00:00,0.98,5.96,9.75,0
VSL-109,2025-01-12 20:00:00,3.45,23.91,15.52,0
VSL-109,2025-01-13 00:00:00,7.84,56.19,2.19,1
VSL-109,2025-01-13 04:00:00,7.31,36.75,3.71,1
VSL-109,2025-01-13 08:00:00,6.99,53.62,3.13,1
VSL-109,2025-01-13 12:00:00,6.51,37.88,3.14,1
VSL-109,2025-01-13 16:00:00,3.5,23.15,5.06,0
VSL-109,2025-01-13 20:00:00,7.52,53.12,2.07,1
VSL-109,2025-01-14 00:00:00,4.87,32.23,14.1,0
VSL-109,2025-01-14 04:00:00,6.15,31.17,0.24,1
VSL-109,2025-01-14 08:00:00,6.47,50.09,3.65,1
VSL-109,2025-01-14 12:00:00,1.84,11.38,9.59,0
VSL-109,2025-01-14 16:00:00,3.65,27.01,5.59,0
VSL-109,2025-01-14 20:00:00,3.86,26.49,14.66,0
VSL-109,2025-01-15 00:00:00,6.61,51.44,0.82,1
VSL-109,2025-01-15 04:00:00,2.89,18.18,5.9,0
VSL-109,2025-01-15 08:00:00,1.42,9.85,8.8,0
VSL-109,2025-01-15 12:00:00,2.2,11.5,1.94,0
VSL-109,2025-01-15 16:00:00,3.77,26.69,2.0,0
VSL-109,2025-01-15 20:00:00,2.77,21.99,7.07,0
VSL-109,2025-01-16 00:00:00,6.65,44.62,1.49,1
VSL-109,2025-01-16 04:00:00,2.49,13.43,19.18,0
VSL-109,2025-01-16 08:00:00,5.54,33.32,5.98,0
VSL-109,2025-01-16 12:00:00,6.77,41.32,4.58,1
VSL-109,2025-01-16 16:00:00,3.48,22.07,18.67,0
VSL-109,2025-01-16 20:00:00,6.87,40.11,1.98,1
VSL-109,2025-01-17 00:00:00,1.66,9.84,9.85,0
VSL-109,2025-01-17 04:00:00,2.85,22.09,17.62,0
VSL-109,2025-01-17 08:00:00,7.04,40.53,0.88,1
VSL-109,2025-01-17 12:00:00,5.64,45.14,12.35,0
VSL-109,2025-01-17 16:00:00,3.46,26.98,5.91,0
