Vessel_ID,Timestamp,Latitude,Longitude,Speed_Knots,Engine_RPM,Depth_m,Course_Deviation_Deg
VSL-100,2025-01-01 04:00:00,-23.901970542103644,-21.354925740125168,15.15,89,0,1.72
VSL-100,2025-01-01 08:00:00,-35.79086535716387,16.33156819491049,13.85,90,0,6.56
VSL-100,2025-01-01 12:00:00,22.19914157793285,-77.24995367360953,11.8,109,0,4.98
VSL-100,2025-01-01 16:00:00,-5.960619705786371,155.75050548325913,11.49,117,0,7.11
VSL-100,2025-01-01 20:00:00,13.209370735936155,88.52280285074664,12.72,104,0,0.75
VSL-100,2025-01-02 00:00:00,4.33747489343488,-166.61495475586068,13.97,94,0,0.75
VSL-100,2025-01-02 04:00:00,9.187242673515797,98.35394155725766,10.84,116,0,5.49
VSL-100,2025-01-02 08:00:00,-0.5057577504502504,-163.92188034287486,11.62,80,0,3.03
VSL-100,2025-01-02 12:00:00,-49.99126347337073,51.74193700588313,11.83,96,0,5.93
VSL-100,2025-01-02 16:00:00,-0.652726918973471,51.206064790348336,11.55,103,0,4.41
VSL-100,2025-01-02 20:00:00,17.084610626544816,31.199658427400323,15.65,87,0,3.97
VSL-100,2025-01-03 00:00:00,-41.57506568601366,-70.46284264017446,11.55,111,0,6.11
VSL-100,2025-01-03 04:00:00,-44.63155618713663,-2.1522595581717496,12.9,115,0,4.36
VSL-100,2025-01-03 08:00:00,-0.38300890885110306,164.01478867826108,11.81,111,0,4.08
VSL-100,2025-01-03 12:00:00,-14.653651701283174,-144.46221925254767,12.25,99,0,4.13
VSL-100,2025-01-03 16:00:00,-25.88853830773168,150.6272431943657,10.88,114,0,6.77
VSL-100,2025-01-03 20:00:00,-17.345452130526255,-57.121959454998716,12.34,116,0,4.48
VSL-100,2025-01-04 00:00:00,-46.57371465934991,-46.754447874324995,13.38,90,0,1.57
VSL-100,2025-01-04 04:00:00,-39.7976120031598,-111.41708830984162,13.0,107,0,6.58
VSL-100,2025-01-04 08:00:00,-31.938799059193844,137.884688084789,12.27,98,0,4.9
VSL-100,2025-01-04 12:00:00,2.884063194690448,2.0540541908304135,10.59,82,0,4.58
VSL-100,2025-01-04 16:00:00,-13.838668591971427,8.56357814865666,10.34,119,0,3.41
VSL-100,2025-01-04 20:00:00,-10.432864081664327,73.7493284585465,14.56,81,0,4.51
VSL-100,2025-01-05 00:00:00,47.52787727063151,-99.1656622471827,13.67,105,0,1.5
VSL-100,2025-01-05 04:00:00,15.906698253542388,42.44430067510007,11.48,118,0,6.24
VSL-100,2025-01-05 08:00:00,38.79451753208339,-96.73508880008089,9.67,97,0,3.47
VSL-100,2025-01-05 12:00:00,32.71507013974319,-126.94878018197019,14.88,94,0,6.39
VSL-100,2025-01-05 16:00:00,35.5865988396112,-11.301697578218523,12.13,119,0,3.57
VSL-100,2025-01-05 20:00:00,-7.763525019380737,66.49418202789056,10.49,93,0,6.4
VSL-100,2025-01-06 00:00:00,-33.02162259177721,20.849183940707604,10.55,102,0,8.75
VSL-100,2025-01-06 04:00:00,42.53826446995079,128.59382003164444,15.24,98,0,3.63
VSL-100,2025-01-06 08:00:00,-27.36302709230891,118.09395865604057,9.63,118,0,6.72
VSL-100,2025-01-06 12:00:00,49.010171497578455,-145.46181440469232,14.38,86,0,6.17
VSL-100,2025-01-06 16:00:00,-27.602709327266663,-168.96504269031337,14.23,93,0,6.72
VSL-100,2025-01-06 20:00:00,1.9212789830859975,-75.39315162882225,12.08,108,0,6.58
VSL-100,2025-01-07 00:00:00,26.126296522142354,-29.881219672325813,15.33,110,0,3.18
VSL-100,2025-01-07 04:00:00,21.43919053109626,143.32204438161432,12.73,81,0,7.57
VSL-100,2025-01-07 08:00:00,46.1232725610416,170.4906110161175,14.81,112,0,5.24
VSL-100,2025-01-07 12:00:00,35.824202009086136,-78.4869372423118,15.4,93,0,6.41
VSL-100,2025-01-07 16:00:00,-33.96690521200874,172.02923063753593,12.35,114,0,3.45
VSL-100,2025-01-07 20:00:00,-21.882548519237975,147.50816139773684,13.37,105,0,4.3
VSL-100,2025-01-08 00:00:00,-31.05500286114721,81.19898505814461,14.56,95,0,1.09
VSL-100,2025-01-08 04:00:00,-35.75742335963042,-167.41292260664767,11.24,116,0,5.93
VSL-100,2025-01-08 08:00:00,-22.76447723497914,10.982299148814036,12.76,111,0,4.67
VSL-100,2025-01-08 12:00:00,-27.172539031620047,-118.23979063445881,14.25,84,0,5.79
VSL-100,2025-01-08 16:00:00,33.3764152150646,160.42334355683357,13.25,104,0,3.46
VSL-100,2025-01-08 20:00:00,35.99891187525027,-81.2337879585335,13.21,117,0,4.69
VSL-100,2025-01-09 00:00:00,35.59062041204734,-39.07096641349176,13.76,116,0,5.37
VSL-100,2025-01-09 04:00:00,-5.7589028931901325,172.31183489820756,13.14,111,0,7.01
VSL-100,2025-01-09 08:00:00,40.484748546843335,5.402192440625214,14.95,103,0,4.52
VSL-100,2025-01-09 12:00:00,-8.974476905068997,62.80284092588431,11.99,85,0,5.53
VSL-100,2025-01-09 16:00:00,37.03837431006889,95.10924134774967,14.45,115,0,5.07
VSL-100,2025-01-09 20:00:00,-9.37940413914864,-47.63145390047896,11.71,93,0,5.08
VSL-100,2025-01-10 00:00:00,-42.36020927939131,-19.179480013149288,13.83,111,0,4.47
VSL-100,2025-01-10 04:00:00,4.790670184804192,77.81354461405681,13.48,96,0,7.1
VSL-100,2025-01-10 08:00:00,-8.345948206191181,129.91888740352624,13.2,119,0,3.17
VSL-100,2025-01-10 12:00:00,14.566017562381319,-107.7689250672072,13.03,115,0,6.26
VSL-100,2025-01-10 16:00:00,-38.28797700266796,-154.58218678756543,10.86,101,0,5.12
VSL-100,2025-01-10 20:00:00,37.73920448749776,23.24389900452394,13.04,80,0,5.16
VSL-100,2025-01-11 00:00:00,36.52784478691781,-121.96880620069588,13.45,104,0,5.68
VSL-100,2025-01-11 04:00:00,-8.89437704115695,52.9321176161466,12.49,99,0,5.16
VSL-100,2025-01-11 08:00:00,24.497958396263854,35.80915591095476,15.21,102,0,2.64
VSL-100,2025-01-11 12:00:00,11.435531683881884,-140.00066088231125,11.39,81,0,4.67
VSL-100,2025-01-11 16:00:00,-15.307932569122528,-48.63563960384005,12.03,117,0,2.52
VSL-100,2025-01-11 20:00:00,-16.44451019058586,-15.23067536102485,13.08,92,0,4.27
VSL-100,2025-01-12 00:00:00,6.334387659713023,159.83688180965862,11.84,92,0,3.88
VSL-100,2025-01-12 04:00:00,28.765721170769027,98.01458455655592,13.1,86,0,3.73
VSL-100,2025-01-12 08:00:00,28.869771476841365,-152.91187200349532,17.01,91,0,1.03
VSL-100,2025-01-12 12:00:00,4.610358680387307,102.33013502230216,11.45,95,0,7.68
VSL-100,2025-01-12 16:00:00,40.63700868344593,-136.09581516762523,13.53,80,0,1.89
VSL-100,2025-01-12 20:00:00,-5.330532210571462,-73.99627650796128,13.6,99,0,2.49
VSL-100,2025-01-13 00:00:00,38.005938841823706,66.45690125620058,13.29,89,0,3.66
VSL-100,2025-01-13 04:00:00,8.656785290753731,69.39609413097145,10.04,82,0,8.05
VSL-100,2025-01-13 08:00:00,-38.07715354209218,80.91815226943817,12.31,97,0,3.23
VSL-100,2025-01-13 12:00:00,48.64949648197528,126.38534486634086,13.5,109,0,3.49
VSL-100,2025-01-13 16:00:00,-26.148854661665112,-27.309614015745495,12.33,113,0,4.65
VSL-100,2025-01-13 20:00:00,-1.6681530461965437,-60.255540492219126,12.64,118,0,5.91
VSL-100,2025-01-14 00:00:00,-5.0438742190599655,-24.84862388831064,12.35,87,0,4.39
VSL-100,2025-01-14 04:00:00,-8.426068828441593,152.31446452597106,14.78,103,0,5.96
VSL-100,2025-01-14 08:00:00,16.933928969607933,91.83446817540914,10.4,88,0,6.32
VSL-100,2025-01-14 12:00:00,-27.1744776394669,-10.755233854238497,13.89,98,0,4.34
VSL-100,2025-01-14 16:00:00,-9.410058949275147,90.57599032668577,14.32,115,0,2.83
VSL-100,2025-01-14 20:00:00,24.550395040539883,177.45578861690745,15.75,98,0,1.59
VSL-100,2025-01-15 00:00:00,-41.31768016724094,65.01895757272575,14.19,107,0,1.49
VSL-100,2025-01-15 04:00:00,-48.97189635076582,-169.8695096794396,13.82,94,0,3.56
VSL-100,2025-01-15 08:00:00,-2.0189084002088435,16.989315698004248,15.43,91,0,5.2
VSL-100,2025-01-15 12:00:00,46.084491708282414,159.1850010183142,11.93,92,0,5.96
VSL-100,2025-01-15 16:00:00,-3.3446837263213425,-25.40762135258629,15.9,117,0,2.1
VSL-100,2025-01-15 20:00:00,5.2150356650709355,-116.60242427652156,14.79,92,0,1.63
VSL-100,2025-01-16 00:00:00,2.7837486920598096,-74.66737737194181,17.44,97,0,2.27
VSL-100,2025-01-16 04:00:00,-1.0891112278389556,91.38719039748634,14.45,88,0,1.85
VSL-100,2025-01-16 08:00:00,-8.026403884102166,39.56713819775601,15.45,86,0,3.61
VSL-100,2025-01-16 12:00:00,-1.4527739450104775,-78.70337001917392,13.37,111,0,2.76
VSL-100,2025-01-16 16:00:00,7.092148553955624,-94.80442202308095,11.44,89,0,6.55
VSL-100,2025-01-16 20:00:00,37.37672563418221,-106.70924623457313,15.04,114,0,3.7
VSL-100,2025-01-17 00:00:00,-21.567863849326418,-63.24993950023989,9.94,108,0,6.9
VSL-100,2025-01-17 04:00:00,-40.08007058412399,-62.44449546541975,14.15,105,0,5.37
VSL-100,2025-01-17 08:00:00,-20.02467554663012,-125.39540582362885,12.6,108,0,5.25
VSL-100,2025-01-17 12:00:00,49.88984529023985,131.30564997136804,11.7,118,0,7.11
VSL-100,2025-01-17 16:00:00,-32.50941973976978,-14.983951363493702,12.95,86,0,5.6
VSL-101,2025-01-01 04:00:00,-17.61138906051101,-39.504475409544824,10.13,102,124,3.29
VSL-101,2025-01-01 08:00:00,-43.64763336763189,130.4011831865376,10.33,102,437,4.46
VSL-101,2025-01-01 12:00:00,-19.63877391506782,95.51700266358233,12.22,111,79,5.23
VSL-101,2025-01-01 16:00:00,-22.471429812213607,-160.91095611735122,10.73,104,435,2.61
VSL-101,2025-01-01 20:00:00,30.849980611441367,-35.34677618131741,9.06,107,128,6.08
VSL-101,2025-01-02 00:00:00,34.79868636428685,-81.70005538981799,10.88,111,450,6.27
VSL-101,2025-01-02 04:00:00,-44.25294283030895,73.27998189359516,11.62,94,0,7.5
VSL-101,2025-01-02 08:00:00,31.14068492602064,-149.06404174728024,11.31,93,354,5.26
VSL-101,2025-01-02 12:00:00,-19.794300868724115,-143.80682833700422,10.65,87,398,3.48
VSL-101,2025-01-02 16:00:00,-36.25833451273414,152.24197732853497,12.37,110,473,4.58
VSL-101,2025-01-02 20:00:00,7.735949835994646,-116.06051475728094,12.85,100,0,4.24
VSL-101,2025-01-03 00:00:00,16.392389716022564,105.0658096457426,10.8,119,265,2.85
VSL-101,2025-01-03 04:00:00,-2.404374191784008,164.80419259921985,10.97,98,208,3.58
VSL-101,2025-01-03 08:00:00,-24.188078249779345,63.32458961974868,10.43,118,422,4.3
VSL-101,2025-01-03 12:00:00,3.2865659647826817,-167.63516566139856,9.62,83,261,4.61
VSL-101,2025-01-03 16:00:00,-48.04562971902874,35.03854234427868,9.21,101,81,5.76
VSL-101,2025-01-03 20:00:00,26.18548381108542,-23.453620871318634,12.18,115,409,4.94
VSL-101,2025-01-04 00:00:00,30.046572503708106,-126.1261249194136,13.43,88,0,4.54
VSL-101,2025-01-04 04:00:00,17.10851659089981,-60.432048134038936,10.1,94,265,5.46
VSL-101,2025-01-04 08:00:00,-18.538069638620016,16.0050342100713,13.76,100,0,3.35
VSL-101,2025-01-04 12:00:00,9.24355045685197,-20.601988227932026,9.19,114,387,8.11
VSL-101,2025-01-04 16:00:00,30.610911113124757,-16.836878272190006,9.42,83,404,5.19
VSL-101,2025-01-04 20:00:00,39.948544027512995,25.865165537491293,10.48,96,246,2.67
VSL-101,2025-01-05 00:00:00,31.423616200608677,-45.86241920487518,8.33,99,365,8.55
VSL-101,2025-01-05 04:00:00,-5.801058514689764,-108.2710496928725,8.89,101,362,2.32
VSL-101,2025-01-05 08:00:00,-36.08635057061168,-179.14582354523085,11.27,99,356,3.93
VSL-101,2025-01-05 12:00:00,-12.171763718135523,-177.89544429959602,10.28,94,173,3.44
VSL-101,2025-01-05 16:00:00,9.232191123550479,-101.5557494933061,9.12,118,316,7.08
VSL-101,2025-01-05 20:00:00,-36.139730901507065,60.232362450120974,10.69,108,120,1.55
VSL-101,2025-01-06 00:00:00,39.24988673124248,-61.132189334720394,8.31,92,204,7.68
VSL-101,2025-01-06 04:00:00,-2.647094319950952,122.9439463759079,13.74,100,0,1.71
VSL-101,2025-01-06 08:00:00,-11.003618241952552,59.08115945341203,12.0,84,77,5.23
VSL-101,2025-01-06 12:00:00,38.2502429978088,14.83773832651309,10.51,98,148,6.29
VSL-101,2025-01-06 16:00:00,-43.89889129351572,-53.75973851249135,11.54,103,434,3.44
VSL-101,2025-01-06 20:00:00,-24.038633757747373,-80.30872151414232,11.14,89,150,4.13
VSL-101,2025-01-07 00:00:00,15.272153152097218,-42.444254553185345,10.55,96,153,5.83
VSL-101,2025-01-07 04:00:00,15.635961222566735,-155.20699303237828,9.31,95,55,6.22
VSL-101,2025-01-07 08:00:00,35.334845507294304,-67.29682214859419,9.45,80,257,7.77
VSL-101,2025-01-07 12:00:00,8.466203931693258,79.30196303346469,11.44,101,68,4.19
VSL-101,2025-01-07 16:00:00,-7.109361579003128,-118.78024256169087,10.69,97,457,4.8
VSL-101,2025-01-07 20:00:00,32.76828268723244,115.75323132665642,11.02,113,62,5.4
VSL-101,2025-01-08 00:00:00,-8.059029416275251,-39.50791052478351,7.8,85,225,6.17
VSL-101,2025-01-08 04:00:00,40.982449245897854,87.07540820545483,11.33,105,0,3.65
VSL-101,2025-01-08 08:00:00,35.20174855342432,-21.106528523509695,10.63,88,114,4.7
VSL-101,2025-01-08 12:00:00,47.558327005194585,-9.308980976819072,13.78,93,0,3.65
VSL-101,2025-01-08 16:00:00,4.676328437285406,-122.34659848418872,15.41,116,0,1.48
VSL-101,2025-01-08 20:00:00,-26.865018628373207,-134.63144810019526,12.42,117,358,2.32
VSL-101,2025-01-09 00:00:00,-19.91680975049742,130.35766568436685,11.75,104,0,4.53
VSL-101,2025-01-09 04:00:00,-31.009232997247416,-28.307396842773045,12.31,107,90,3.88
VSL-101,2025-01-09 08:00:00,-4.206680049629071,-123.92534273934697,10.7,95,184,5.99
VSL-101,2025-01-09 12:00:00,9.483199273272824,-164.46325633106693,8.86,105,99,5.26
VSL-101,2025-01-09 16:00:00,-5.679037919166937,-155.35319406315983,8.25,105,74,7.85
VSL-101,2025-01-09 20:00:00,7.02115471999624,45.02880825823823,10.61,104,108,6.27
VSL-101,2025-01-10 00:00:00,40.866439620947446,75.60063212240868,11.26,103,0,4.51
VSL-101,2025-01-10 04:00:00,-27.154682553291686,-159.4938879722761,8.52,91,81,4.22
VSL-101,2025-01-10 08:00:00,-43.83040695636825,-163.3565651817422,11.92,81,0,3.95
VSL-101,2025-01-10 12:00:00,-45.17018068786815,-83.84007950238212,10.44,84,307,7.33
VSL-101,2025-01-10 16:00:00,36.45471849942663,-1.1065731091014186,13.76,101,0,1.39
VSL-101,2025-01-10 20:00:00,-21.278116899548415,104.18247804794436,13.72,112,0,5.12
VSL-101,2025-01-11 00:00:00,21.74108349465523,-107.72647446021682,9.15,80,286,4.39
VSL-101,2025-01-11 04:00:00,-38.10216178233331,42.55615119040769,10.21,107,94,5.52
VSL-101,2025-01-11 08:00:00,-43.662348866438826,90.44173674035443,10.25,115,128,3.86
VSL-101,2025-01-11 12:00:00,-8.66451397029897,-89.6907347149624,11.85,102,448,1.07
VSL-101,2025-01-11 16:00:00,41.94290732645828,-103.25591997019453,15.07,94,0,5.52
VSL-101,2025-01-11 20:00:00,28.823946255500132,8.481970317750722,11.06,99,119,1.57
VSL-101,2025-01-12 00:00:00,-33.69015975048805,-147.9557323816997,10.0,80,224,7.93
VSL-101,2025-01-12 04:00:00,-38.80159402078584,-55.75867446861517,11.74,89,416,2.24
VSL-101,2025-01-12 08:00:00,35.52519179208585,131.19387463830498,10.52,115,179,1.22
VSL-101,2025-01-12 12:00:00,-35.7618743104536,82.62767446388773,8.58,104,189,5.45
VSL-101,2025-01-12 16:00:00,-25.380347520189307,-60.91369625295118,9.02,86,367,8.1
VSL-101,2025-01-12 20:00:00,-7.389530571118087,-72.54882693528643,8.74,119,174,5.92
VSL-101,2025-01-13 00:00:00,-4.535694694166423,-41.22826141950293,14.87,109,0,3.47
VSL-101,2025-01-13 04:00:00,21.507897884963754,-179.7053758472609,9.88,108,96,5.35
VSL-101,2025-01-13 08:00:00,34.7468252740487,-97.21401648391542,10.22,109,122,2.49
VSL-101,2025-01-13 12:00:00,-48.236773260591605,-76.26983335161856,9.68,93,436,6.97
VSL-101,2025-01-13 16:00:00,11.676326872819395,-150.29892419515826,13.45,81,0,2.12
VSL-101,2025-01-13 20:00:00,-27.480914869748286,-23.433134721450983,9.71,103,367,5.98
VSL-101,2025-01-14 00:00:00,-22.803064732539934,0.44409085757612843,14.62,84,0,3.63
VSL-101,2025-01-14 04:00:00,7.485777043471366,-27.186821795955296,10.73,115,312,2.62
VSL-101,2025-01-14 08:00:00,16.739589656153726,32.06112585024414,10.2,96,396,1.79
VSL-101,2025-01-14 12:00:00,-34.106936278907725,-133.77960803367964,13.44,89,0,1.95
VSL-101,2025-01-14 16:00:00,-48.122217781557964,111.02858591982499,14.08,80,0,1.17
VSL-101,2025-01-14 20:00:00,5.664505615216086,-96.244414429569,10.89,91,336,1.79
VSL-101,2025-01-15 00:00:00,10.595368046096418,-56.367108085547244,11.52,89,236,2.23
VSL-101,2025-01-15 04:00:00,-36.0319591573004,-1.7805753362075052,13.47,119,0,5.92
VSL-101,2025-01-15 08:00:00,-6.758631201334943,-26.147471812352308,10.91,104,0,7.38
VSL-101,2025-01-15 12:00:00,28.23444490135563,72.97749970947095,10.53,100,442,1.51
VSL-101,2025-01-15 16:00:00,-11.795408446373571,105.61458861055513,9.66,82,381,4.09
VSL-101,2025-01-15 20:00:00,-39.43730915066651,-172.4009051249945,9.61,115,367,5.25
VSL-101,2025-01-16 00:00:00,18.805104656264533,78.50067405911682,9.68,98,219,6.06
VSL-101,2025-01-16 04:00:00,47.4009724775907,71.3331935385387,7.59,99,332,6.88
VSL-101,2025-01-16 08:00:00,33.560376509007924,73.25688936200177,10.91,100,0,3.77
VSL-101,2025-01-16 12:00:00,45.53635221729017,-58.14825539206258,11.8,89,60,3.51
VSL-101,2025-01-16 16:00:00,29.184588488821532,-179.30204955597836,10.82,88,436,4.83
VSL-101,2025-01-16 20:00:00,-1.2315930257905663,90.35141240960036,9.51,108,423,4.09
VSL-101,2025-01-17 00:00:00,28.087956383066427,-102.35976377007945,15.39,85,0,1.75
VSL-101,2025-01-17 04:00:00,-30.502384577144337,-69.15224470509195,11.34,88,0,5.48
VSL-101,2025-01-17 08:00:00,31.227547238492193,-79.3881822360775,11.44,116,248,1.5
VSL-101,2025-01-17 12:00:00,-4.605934958073654,-12.92828152783548,12.94,106,0,5.36
VSL-101,2025-01-17 16:00:00,-37.225391507391336,-87.96196530567747,11.45,98,347,2.34
VSL-102,2025-01-01 04:00:00,-49.542872575381445,-38.78396911117895,21.41,87,0,7.87
VSL-102,2025-01-01 08:00:00,1.8931867086938752,119.01497446644146,21.47,91,0,8.05
VSL-102,2025-01-01 12:00:00,-0.102124507155267,-152.68369403352088,24.58,96,0,3.41
VSL-102,2025-01-01 16:00:00,29.606875023163255,-156.35539056324896,25.47,95,0,3.19
VSL-102,2025-01-01 20:00:00,-3.834717452425892,176.75875945675125,23.45,86,0,4.6
VSL-102,2025-01-02 00:00:00,-8.06547922140819,-31.75716006117068,23.31,94,0,4.33
VSL-102,2025-01-02 04:00:00,-3.5171241079160467,-88.57812418962925,21.59,94,0,4.05
VSL-102,2025-01-02 08:00:00,-5.741046219738898,-59.35776803565996,24.17,116,0,6.75
VSL-102,2025-01-02 12:00:00,-27.45278285744629,171.59785343548646,24.0,114,0,1.21
VSL-102,2025-01-02 16:00:00,-31.147533184729138,-55.26228365753727,19.74,101,0,3.58
VSL-102,2025-01-02 20:00:00,35.5284304786984,-110.80088183075384,24.0,80,0,6.85
VSL-102,2025-01-03 00:00:00,-39.434622182133715,-81.3874645976645,22.94,117,0,5.52
VSL-102,2025-01-03 04:00:00,-26.660443267820312,96.44136273940859,21.4,99,0,7.95
VSL-102,2025-01-03 08:00:00,27.772209529899257,76.3110678776506,20.92,106,0,6.95
VSL-102,2025-01-03 12:00:00,29.10686743543529,-166.38695690900286,23.39,113,0,1.06
VSL-102,2025-01-03 16:00:00,16.744872906997415,-154.32520379661725,24.35,86,0,4.46
VSL-102,2025-01-03 20:00:00,36.1515646574949,-160.85754249137148,21.81,105,0,6.69
VSL-102,2025-01-04 00:00:00,-5.743285582541688,-34.11412078302746,22.69,96,0,3.5
VSL-102,2025-01-04 04:00:00,23.693740569000298,64.48225805100435,23.62,99,0,4.55
VSL-102,2025-01-04 08:00:00,8.16413164753844,-20.89011166307708,23.88,82,0,2.04
VSL-102,2025-01-04 12:00:00,-15.344773052526392,-0.47722165929477,24.13,112,0,6.19
VSL-102,2025-01-04 16:00:00,-25.919319440418086,-55.65034379203783,22.4,83,0,4.65
VSL-102,2025-01-04 20:00:00,-23.25552987306454,-94.21975282192307,20.34,86,0,8.74
VSL-102,2025-01-05 00:00:00,45.666082170781365,-83.01350023309854,21.54,105,0,5.32
VSL-102,2025-01-05 04:00:00,6.025623980426666,-111.99258981105267,20.92,100,0,7.19
VSL-102,2025-01-05 08:00:00,26.48704316672506,-168.8036365763004,23.17,102,0,5.57
VSL-102,2025-01-05 12:00:00,47.413581975221106,-96.21727584660664,20.46,90,0,5.94
VSL-102,2025-01-05 16:00:00,-43.80364791593253,-86.85415350354897,25.47,99,0,5.17
VSL-102,2025-01-05 20:00:00,3.84870951654829,144.58750627280097,24.44,102,0,5.65
VSL-102,2025-01-06 00:00:00,24.895097454450422,31.41030777148015,21.48,110,0,2.91
VSL-102,2025-01-06 04:00:00,-37.529070186307,148.21920576290972,22.28,96,0,5.48
VSL-102,2025-01-06 08:00:00,-40.65269367714577,36.355551154292016,23.8,108,0,4.63
VSL-102,2025-01-06 12:00:00,43.99658504277552,96.24021278302774,23.88,82,0,5.76
VSL-102,2025-01-06 16:00:00,-30.325919479520415,-138.3942018985793,25.53,111,0,5.4
VSL-102,2025-01-06 20:00:00,29.000127441188738,-40.94654220573548,20.88,119,0,3.62
VSL-102,2025-01-07 00:00:00,-48.805313516979496,85.2643226081077,22.73,101,0,5.29
VSL-102,2025-01-07 04:00:00,-25.459092340958055,-0.5037462890155098,24.44,80,0,6.29
VSL-102,2025-01-07 08:00:00,-48.14915849110949,128.98375952853007,21.26,87,0,3.99
VSL-102,2025-01-07 12:00:00,-49.02920352201924,-101.99393152356744,21.82,87,0,6.86
VSL-102,2025-01-07 16:00:00,42.462237366277336,163.03393955771008,22.67,84,0,3.62
VSL-102,2025-01-07 20:00:00,-32.724247600124066,51.64963784373114,22.69,88,0,6.69
VSL-102,2025-01-08 00:00:00,-31.616064359941543,-17.364543345432168,24.41,84,0,1.25
VSL-102,2025-01-08 04:00:00,-31.912060184928404,-97.49004531423171,22.93,91,0,6.31
VSL-102,2025-01-08 08:00:00,2.2091726297607934,-8.71606475725821,22.09,84,0,8.38
VSL-102,2025-01-08 12:00:00,34.46913240491297,-178.84751784185667,24.65,92,0,2.29
VSL-102,2025-01-08 16:00:00,-6.9970117764677795,-138.01517574300965,24.41,85,0,4.29
VSL-102,2025-01-08 20:00:00,-27.590002307966046,-26.595985158243593,25.24,104,0,5.03
VSL-102,2025-01-09 00:00:00,-48.476972921506324,-127.889527598125,20.61,89,0,8.61
VSL-102,2025-01-09 04:00:00,8.538600359373625,-95.87746442990559,24.64,88,0,4.28
VSL-102,2025-01-09 08:00:00,31.58736301015911,-148.47161058411743,23.94,80,0,2.45
VSL-102,2025-01-09 12:00:00,-36.2519435787367,-140.39448562149127,24.02,88,0,5.01
VSL-102,2025-01-09 16:00:00,37.81675996081819,-155.40292511480132,23.72,106,0,7.08
VSL-102,2025-01-09 20:00:00,41.07089723425432,94.40453812406332,20.93,113,0,7.2
VSL-102,2025-01-10 00:00:00,31.40455603686175,58.654914936333256,23.1,97,0,4.46
VSL-102,2025-01-10 04:00:00,-10.635849992299484,60.75922889632153,22.64,106,0,6.22
VSL-102,2025-01-10 08:00:00,-10.667577873859827,-18.939799046425236,23.67,100,0,1.74
VSL-102,2025-01-10 12:00:00,-24.74751814630578,78.40131410304826,21.72,117,0,6.04
VSL-102,2025-01-10 16:00:00,26.968194641695206,-113.29477451655426,21.73,88,0,5.63
VSL-102,2025-01-10 20:00:00,36.256366022724436,112.89944572416522,23.51,81,0,5.83
VSL-102,2025-01-11 00:00:00,-6.879462765916067,88.62534953154619,22.89,98,0,5.21
VSL-102,2025-01-11 04:00:00,-1.6151078997232418,-123.56418130321886,21.99,107,0,4.33
VSL-102,2025-01-11 08:00:00,38.96520226651714,118.70239151715458,25.77,98,0,3.62
VSL-102,2025-01-11 12:00:00,7.591322665879005,-119.79143746819128,20.84,102,0,7.04
VSL-102,2025-01-11 16:00:00,24.243728437194946,161.5461885431314,23.85,81,0,3.15
VSL-102,2025-01-11 20:00:00,42.19758024991596,143.25711650598078,22.7,103,0,6.27
VSL-102,2025-01-12 00:00:00,-13.353717231073645,20.054603641440366,23.58,118,0,2.08
VSL-102,2025-01-12 04:00:00,42.9129417509326,27.362196041113663,21.89,81,0,3.98
VSL-102,2025-01-12 08:00:00,-18.861762494344745,135.27200574429816,22.89,96,0,4.98
VSL-102,2025-01-12 12:00:00,16.952757476563335,-174.247512852828,20.83,89,0,6.65
VSL-102,2025-01-12 16:00:00,25.569491059453526,-156.9516022225832,21.94,98,0,4.37
VSL-102,2025-01-12 20:00:00,46.24259543774447,-29.50328656667216,22.43,110,0,2.41
VSL-102,2025-01-13 00:00:00,14.800726388581026,151.789500440341,23.23,87,0,5.79
VSL-102,2025-01-13 04:00:00,31.194796611118022,31.53278630679506,20.94,109,0,8.0
VSL-102,2025-01-13 08:00:00,-46.900143864151225,36.276188909047846,22.84,91,0,7.06
VSL-102,2025-01-13 12:00:00,-42.210102083704,-168.85215647947078,23.33,83,0,5.31
VSL-102,2025-01-13 16:00:00,10.592287561336214,-1.9079481894868593,21.16,113,0,2.96
VSL-102,2025-01-13 20:00:00,23.969111212991052,97.04974128273409,20.02,114,0,2.54
VSL-102,2025-01-14 00:00:00,-2.5257824780347207,-174.10171767170797,21.14,87,0,8.17
VSL-102,2025-01-14 04:00:00,-9.690078334169051,-65.25234997645819,23.45,101,0,2.43
VSL-102,2025-01-14 08:00:00,-46.6014076989122,-6.786045090333602,24.41,102,0,6.13
VSL-102,2025-01-14 12:00:00,32.318058783957255,49.616531653287296,21.89,117,0,3.27
VSL-102,2025-01-14 16:00:00,-32.76622961604034,-46.10559764363347,21.85,85,0,2.11
VSL-102,2025-01-14 20:00:00,-45.47287638629531,174.12503260897637,25.25,104,0,3.06
VSL-102,2025-01-15 00:00:00,39.417446902532205,-87.6725501996033,20.7,115,0,5.59
VSL-102,2025-01-15 04:00:00,6.576339658018462,-121.9152930112601,19.88,88,0,4.98
VSL-102,2025-01-15 08:00:00,-8.372548789707487,-144.98739166792942,24.44,107,0,6.66
VSL-102,2025-01-15 12:00:00,14.568832089549119,42.93881878305572,23.17,119,0,6.88
VSL-102,2025-01-15 16:00:00,37.703918670097806,130.26428007223785,23.49,119,0,6.09
VSL-102,2025-01-15 20:00:00,-40.46795674792949,-108.356685248008,20.66,112,0,6.09
VSL-102,2025-01-16 00:00:00,-23.525376685722577,1.3422139927443766,22.4,99,0,6.22
VSL-102,2025-01-16 04:00:00,48.78695470801439,81.94836793233253,22.37,106,0,3.47
VSL-102,2025-01-16 08:00:00,-43.04349777294556,-168.09738970461265,22.44,85,0,3.12
VSL-102,2025-01-16 12:00:00,31.981780764662446,130.81235209620394,23.56,81,0,7.97
VSL-102,2025-01-16 16:00:00,5.0673706009657025,-160.45744557813586,21.06,80,0,7.86
VSL-102,2025-01-16 20:00:00,-15.827671754007945,-127.64171112800364,22.1,102,0,7.9
VSL-102,2025-01-17 00:00:00,-48.77135180759174,-78.54953253498404,22.09,110,0,4.04
VSL-102,2025-01-17 04:00:00,-49.828018483126314,-31.461629348713103,22.0,108,0,8.11
VSL-102,2025-01-17 08:00:00,-4.181204131676395,3.1754443419071947,23.02,111,0,3.14
VSL-102,2025-01-17 12:00:00,-35.75594492383125,25.53489277592803,22.98,102,0,2.64
VSL-102,2025-01-17 16:00:00,-0.8907940633913682,49.452629776944974,20.8,103,0,5.45
VSL-103,2025-01-01 04:00:00,0.08916243699131599,-99.8144840697788,10.12,119,528,3.47
VSL-103,2025-01-01 08:00:00,21.038598606077542,-14.262774683178804,14.74,89,0,2.22
VSL-103,2025-01-01 12:00:00,44.22094801303757,22.980322163347438,13.29,91,491,4.95
VSL-103,2025-01-01 16:00:00,-41.96442048163771,-93.72087204086486,14.8,82,0,4.12
VSL-103,2025-01-01 20:00:00,40.30468373596892,114.87318458767544,11.71,91,466,3.19
VSL-103,2025-01-02 00:00:00,8.455734494002641,84.39392685740813,12.05,82,0,2.19
VSL-103,2025-01-02 04:00:00,1.3124557708744788,-140.70716643699177,10.63,84,0,3.94
VSL-103,2025-01-02 08:00:00,-3.696569679620673,34.88231488565805,11.2,89,112,2.34
VSL-103,2025-01-02 12:00:00,-32.92626087005295,-145.04720239246052,11.05,97,651,4.35
VSL-103,2025-01-02 16:00:00,-42.72636953621702,-76.97351685871982,12.63,85,0,6.06
VSL-103,2025-01-02 20:00:00,11.077380144348325,-140.9922880720039,10.63,108,59,5.75
VSL-103,2025-01-03 00:00:00,-3.24449927127948,2.3841362774924733,14.38,90,0,2.18
VSL-103,2025-01-03 04:00:00,1.2778606060609334,139.02903160019554,8.53,103,529,6.33
VSL-103,2025-01-03 08:00:00,-20.96374911162755,-146.36235050292214,8.19,119,218,5.6
VSL-103,2025-01-03 12:00:00,15.310552740973193,-31.643144839990157,11.05,119,0,6.98
VSL-103,2025-01-03 16:00:00,-42.205748822765976,178.05547860445864,12.36,85,382,3.65
VSL-103,2025-01-03 20:00:00,-24.81702335255601,127.47133675306992,12.41,90,0,6.58
VSL-103,2025-01-04 00:00:00,-25.580161620469333,-40.90608291426696,9.14,111,0,8.28
VSL-103,2025-01-04 04:00:00,22.84045934923526,-33.55085191565462,10.39,83,0,4.1
VSL-103,2025-01-04 08:00:00,-47.4139856750236,-141.80832499130827,9.69,99,312,4.46
VSL-103,2025-01-04 12:00:00,-0.025684625982123066,-7.0995694184422575,8.9,87,545,5.36
VSL-103,2025-01-04 16:00:00,-9.071762508755079,128.6949808997001,9.1,109,601,4.03
VSL-103,2025-01-04 20:00:00,17.19391823821826,-123.95528213633672,10.33,116,603,5.1
VSL-103,2025-01-05 00:00:00,16.25227639111516,155.68808050655537,11.02,91,0,6.08
VSL-103,2025-01-05 04:00:00,-44.72071555357382,-151.69526819375818,12.28,94,67,1.93
VSL-103,2025-01-05 08:00:00,24.352571340038622,127.75651908739843,14.01,87,0,4.29
VSL-103,2025-01-05 12:00:00,-0.10502657773593427,-24.66434667374827,10.2,118,297,4.99
VSL-103,2025-01-05 16:00:00,-5.016525968593044,-112.06658447276219,10.21,114,169,5.22
VSL-103,2025-01-05 20:00:00,3.4073108452535763,31.870008117088787,10.58,83,257,6.71
VSL-103,2025-01-06 00:00:00,-43.91813311655311,-166.330159456022,11.8,92,505,3.79
VSL-103,2025-01-06 04:00:00,23.92705006883007,173.4153626393118,11.3,104,85,6.25
VSL-103,2025-01-06 08:00:00,-28.792821648850463,-29.28987590723844,10.68,89,0,7.41
VSL-103,2025-01-06 12:00:00,-31.65055152938151,0.21302006780820193,9.31,92,696,5.21
VSL-103,2025-01-06 16:00:00,-48.03656517446869,-96.97323229665783,13.04,93,0,3.49
VSL-103,2025-01-06 20:00:00,23.875869507708657,9.828732028494244,9.42,110,146,2.69
VSL-103,2025-01-07 00:00:00,35.354894810584895,-43.38625292262293,10.57,108,698,5.88
VSL-103,2025-01-07 04:00:00,-6.065712315135542,-156.04656934591836,9.16,84,449,7.88
VSL-103,2025-01-07 08:00:00,46.73873866838319,-14.429094547527939,12.78,103,0,7.19
VSL-103,2025-01-07 12:00:00,-11.029301935609261,-14.551849880768572,9.75,117,0,6.23
VSL-103,2025-01-07 16:00:00,37.21674025444348,-71.6634096584499,13.35,105,0,6.46
VSL-103,2025-01-07 20:00:00,-26.89916520138541,-162.90741108747682,11.18,81,0,6.13
VSL-103,2025-01-08 00:00:00,-38.09770481160039,70.40712971815128,14.09,101,0,2.18
VSL-103,2025-01-08 04:00:00,24.215800004169907,-74.29873661282039,12.57,110,0,3.07
VSL-103,2025-01-08 08:00:00,48.335350054817056,170.77417036415164,11.15,102,533,4.62
VSL-103,2025-01-08 12:00:00,-24.24540370109849,-24.175331579308192,8.19,82,243,7.82
VSL-103,2025-01-08 16:00:00,42.68482610870353,143.6941608616554,12.13,82,536,1.62
VSL-103,2025-01-08 20:00:00,18.316948663776955,-115.00717877448234,9.25,107,363,8.53
VSL-103,2025-01-09 00:00:00,-21.381849614459057,-152.5746995205377,9.11,100,363,8.29
VSL-103,2025-01-09 04:00:00,-49.193965655455095,-152.6713006659714,10.6,102,309,5.28
VSL-103,2025-01-09 08:00:00,-31.38350911954043,-32.72290460529632,14.68,117,0,4.96
VSL-103,2025-01-09 12:00:00,11.209936037013982,-177.30321445784915,10.03,81,332,6.48
VSL-103,2025-01-09 16:00:00,34.211549825802564,-162.8023839894058,12.04,107,0,4.59
VSL-103,2025-01-09 20:00:00,37.996003430019755,-159.44061296170472,8.25,84,129,4.44
VSL-103,2025-01-10 00:00:00,-42.87535046212096,48.7560356312766,8.33,100,523,2.81
VSL-103,2025-01-10 04:00:00,4.459693654201061,39.76973986294789,11.84,109,0,4.27
VSL-103,2025-01-10 08:00:00,40.387126116005504,163.4852537479726,11.31,96,288,5.01
VSL-103,2025-01-10 12:00:00,-42.7367903059387,-159.46515961962467,8.82,83,214,4.99
VSL-103,2025-01-10 16:00:00,-47.15552770096622,175.44200010018352,7.67,116,286,5.19
VSL-103,2025-01-10 20:00:00,5.142464716114944,76.065921355836,12.27,94,0,3.24
VSL-103,2025-01-11 00:00:00,13.063915134016447,-20.12971762001905,10.19,111,0,7.72
VSL-103,2025-01-11 04:00:00,-26.537105715383223,122.65948148330938,10.18,101,0,4.11
VSL-103,2025-01-11 08:00:00,33.21711928081341,-0.6300912368164688,10.14,107,51,4.2
VSL-103,2025-01-11 12:00:00,48.85658572711705,-46.43300481809007,8.73,90,251,7.46
VSL-103,2025-01-11 16:00:00,17.4119610049939,-4.638462835897741,11.86,103,0,6.77
VSL-103,2025-01-11 20:00:00,-8.15526978470028,-172.45720610965657,11.62,115,528,3.61
VSL-103,2025-01-12 00:00:00,1.8343744472427232,-60.988438028935064,12.46,119,0,3.62
VSL-103,2025-01-12 04:00:00,41.17863441919161,79.12855829411376,11.06,107,314,2.31
VSL-103,2025-01-12 08:00:00,-26.589116556520565,141.85639541152807,11.17,113,105,2.24
VSL-103,2025-01-12 12:00:00,26.10548290578177,126.59537928881667,13.58,107,0,2.58
VSL-103,2025-01-12 16:00:00,-6.449744592824956,-167.2682033408167,10.48,91,371,2.59
VSL-103,2025-01-12 20:00:00,9.997952080576866,-170.80478283612013,15.36,105,0,3.05
VSL-103,2025-01-13 00:00:00,19.23175243633183,131.47997706056663,12.68,109,0,7.1
VSL-103,2025-01-13 04:00:00,-24.401888606372868,32.807432069126605,10.66,96,158,2.78
VSL-103,2025-01-13 08:00:00,-48.16677341929916,103.58671170770492,11.2,91,0,5.89
VSL-103,2025-01-13 12:00:00,39.160296981881615,116.1897734343064,10.02,108,138,4.68
VSL-103,2025-01-13 16:00:00,45.681773864357424,60.330891398677466,12.47,100,0,7.51
VSL-103,2025-01-13 20:00:00,39.10803550270586,-176.9111449347183,7.74,103,498,7.89
VSL-103,2025-01-14 00:00:00,-9.03064002098025,-67.83571624909084,12.25,96,0,2.66
VSL-103,2025-01-14 04:00:00,-30.349785169818734,159.92046719545152,10.96,102,624,2.14
VSL-103,2025-01-14 08:00:00,40.699815850323844,-16.477101366132644,8.95,108,540,7.84
VSL-103,2025-01-14 12:00:00,0.6286081843278168,-72.88297826737735,10.69,103,103,5.63
VSL-103,2025-01-14 16:00:00,-31.91604036901242,37.34057188942924,14.3,97,0,7.78
VSL-103,2025-01-14 20:00:00,2.595119258356469,106.06409680273254,10.67,118,178,3.83
VSL-103,2025-01-15 00:00:00,41.51835433223465,-141.97634721190505,14.02,115,0,2.76
VSL-103,2025-01-15 04:00:00,-46.17332659424495,-96.25470923615029,10.78,85,292,5.16
VSL-103,2025-01-15 08:00:00,-42.388764603665365,153.0553293873749,11.21,91,434,5.83
VSL-103,2025-01-15 12:00:00,45.66082264996466,-139.39355647360043,9.86,109,673,4.17
VSL-103,2025-01-15 16:00:00,-30.605321445230572,-74.82096685436896,9.83,92,243,7.79
VSL-103,2025-01-15 20:00:00,-18.87028796243042,25.647483251041166,8.15,90,603,7.26
VSL-103,2025-01-16 00:00:00,-6.016893979546431,-112.62634009499128,9.18,83,193,5.79
VSL-103,2025-01-16 04:00:00,48.24786859512025,-137.17865519316828,9.34,110,687,7.17
VSL-103,2025-01-16 08:00:00,4.9834892485036235,107.3047538231441,10.58,119,196,3.29
VSL-103,2025-01-16 12:00:00,-21.406675267042097,-47.345317996638954,10.19,115,607,8.41
VSL-103,2025-01-16 16:00:00,-30.170483825794204,128.15848771432547,12.15,86,530,2.37
VSL-103,2025-01-16 20:00:00,28.607892519565894,44.11381935770967,9.56,115,494,5.97
VSL-103,2025-01-17 00:00:00,33.54936926389003,-150.79439405904276,12.84,101,166,5.07
VSL-103,2025-01-17 04:00:00,24.639745791779973,-92.89774570310918,9.66,99,251,2.13
VSL-103,2025-01-17 08:00:00,-29.937876412072516,-44.604900322647836,9.43,114,280,3.43
VSL-103,2025-01-17 12:00:00,36.856182054118165,60.401837005020866,14.44,116,0,1.93
VSL-103,2025-01-17 16:00:00,-47.856899898935765,67.2898625753121,12.49,96,0,5.96
VSL-104,2025-01-01 04:00:00,-43.531908161855256,148.5217301335711,13.88,117,0,4.77
VSL-104,2025-01-01 08:00:00,-1.3636946971996764,165.8715112196905,10.98,116,0,4.43
VSL-104,2025-01-01 12:00:00,-34.14097957400537,25.5481798247703,12.2,83,0,4.79
VSL-104,2025-01-01 16:00:00,27.818057281663172,-115.39878051010267,11.37,93,0,6.61
VSL-104,2025-01-01 20:00:00,35.505002981336986,-51.00711851117131,12.45,109,0,6.97
VSL-104,2025-01-02 00:00:00,31.902450631443457,-159.95774487158218,14.69,101,0,3.4
VSL-104,2025-01-02 04:00:00,37.76754942479252,-69.76106171889586,13.16,106,0,6.31
VSL-104,2025-01-02 08:00:00,-33.20359332190059,166.19675692996276,11.8,107,0,5.19
VSL-104,2025-01-02 12:00:00,-48.658642008365696,-154.09764740821856,13.87,115,0,5.45
VSL-104,2025-01-02 16:00:00,11.627236226692453,-12.159888962105157,12.89,87,0,1.96
VSL-104,2025-01-02 20:00:00,-41.9942246228169,-22.659547948975586,13.6,101,0,1.98
VSL-104,2025-01-03 00:00:00,17.887478194123716,-53.08328162454691,12.44,112,0,3.46
VSL-104,2025-01-03 04:00:00,-32.520924838185415,-69.11278641276832,12.75,111,0,2.48
VSL-104,2025-01-03 08:00:00,-33.823496222182285,129.81008385896263,12.89,98,0,4.91
VSL-104,2025-01-03 12:00:00,6.070406482821809,177.24364451172397,13.65,90,0,2.88
VSL-104,2025-01-03 16:00:00,-26.783731767466247,55.53430714596092,13.85,94,0,6.02
VSL-104,2025-01-03 20:00:00,-23.42231220867015,-51.00211112935909,11.8,97,0,6.75
VSL-104,2025-01-04 00:00:00,29.72219111752979,-117.64245776960936,13.88,112,0,3.19
VSL-104,2025-01-04 04:00:00,-18.082094531725122,-43.894506724025206,10.28,114,0,6.88
VSL-104,2025-01-04 08:00:00,-2.31730339866715,-75.57077157106004,14.32,88,0,2.86
VSL-104,2025-01-04 12:00:00,-46.49977056056137,165.35341995834273,10.84,109,0,6.4
VSL-104,2025-01-04 16:00:00,-6.707466630086699,176.50863127551384,12.25,118,0,1.98
VSL-104,2025-01-04 20:00:00,-26.66408672504208,106.80383180485052,12.17,82,0,5.25
VSL-104,2025-01-05 00:00:00,15.007740049526603,-171.87407450866297,13.67,115,0,2.98
VSL-104,2025-01-05 04:00:00,-18.512307451289665,166.6071270106326,12.25,93,0,2.18
VSL-104,2025-01-05 08:00:00,26.317542878795052,24.115188507527506,14.59,88,0,4.47
VSL-104,2025-01-05 12:00:00,36.37038579232103,-97.45609406661742,15.75,90,0,5.08
VSL-104,2025-01-05 16:00:00,45.47203333418382,147.6258126947265,17.26,92,0,1.55
VSL-104,2025-01-05 20:00:00,11.918955734276118,172.31292893074828,10.69,93,0,3.2
VSL-104,2025-01-06 00:00:00,3.9970812610315747,-18.289922349311126,11.89,87,0,3.21
VSL-104,2025-01-06 04:00:00,24.53046005242946,96.9752931185559,12.36,99,0,5.66
VSL-104,2025-01-06 08:00:00,47.77337741245617,-161.56467123309744,14.0,115,0,4.22
VSL-104,2025-01-06 12:00:00,-6.522893564252577,65.98300652621845,10.55,80,0,2.34
VSL-104,2025-01-06 16:00:00,-40.236379963186565,13.631325879964493,15.6,108,0,2.62
VSL-104,2025-01-06 20:00:00,39.44418524347009,-81.93036233459713,13.98,95,0,2.69
VSL-104,2025-01-07 00:00:00,27.746399188652802,71.21599088758123,12.59,85,0,6.3
VSL-104,2025-01-07 04:00:00,-6.073913766518068,-51.037749832559456,13.81,83,0,2.54
VSL-104,2025-01-07 08:00:00,10.158018023994373,-5.849468592424785,12.0,90,0,5.14
VSL-104,2025-01-07 12:00:00,30.266466121251412,-66.51989087112908,10.84,115,0,3.16
VSL-104,2025-01-07 16:00:00,-16.872127607044973,98.07424081768215,13.87,86,0,4.12
VSL-104,2025-01-07 20:00:00,25.089936247124797,99.7781257356558,13.97,90,0,2.96
VSL-104,2025-01-08 00:00:00,3.2912052804663787,176.75265198595247,14.9,93,0,3.13
VSL-104,2025-01-08 04:00:00,-25.669729944072582,87.00414550045917,12.32,85,0,3.83
VSL-104,2025-01-08 08:00:00,49.031616081400585,0.7255730771551328,15.49,95,0,5.24
VSL-104,2025-01-08 12:00:00,9.502032355720104,-103.82429750324056,11.04,100,0,4.54
VSL-104,2025-01-08 16:00:00,-11.398615672909429,-120.89198376500651,12.99,90,0,3.02
VSL-104,2025-01-08 20:00:00,48.445721209905784,93.74581294147924,13.28,101,0,3.97
VSL-104,2025-01-09 00:00:00,-21.993089443999715,82.75867380144683,13.57,105,0,4.79
VSL-104,2025-01-09 04:00:00,-14.275992311055816,-82.86036504064114,13.08,98,0,5.59
VSL-104,2025-01-09 08:00:00,-43.830081163247826,-167.19017823856225,14.4,95,0,5.47
VSL-104,2025-01-09 12:00:00,-44.41387636616653,27.557331033666998,13.41,82,0,3.2
VSL-104,2025-01-09 16:00:00,-48.69506423754365,35.47953948440329,12.99,87,0,4.06
VSL-104,2025-01-09 20:00:00,21.701112942313458,-159.04169985563198,15.05,89,0,2.11
VSL-104,2025-01-10 00:00:00,-34.54173027319077,-49.08097241803844,13.68,83,0,5.46
VSL-104,2025-01-10 04:00:00,-23.09379381758291,-75.01828634160137,12.03,102,0,4.19
VSL-104,2025-01-10 08:00:00,-29.46804815304972,-2.0093979139743965,14.78,115,0,2.02
VSL-104,2025-01-10 12:00:00,41.48897806086147,-49.68776601316662,13.95,85,0,7.02
VSL-104,2025-01-10 16:00:00,-30.236987177194365,-89.78784479972802,14.94,91,0,0.94
VSL-104,2025-01-10 20:00:00,-4.754791564356061,-118.78397413125185,13.46,104,0,6.41
VSL-104,2025-01-11 00:00:00,40.47142770737186,-55.212090561420084,13.63,80,0,3.96
VSL-104,2025-01-11 04:00:00,-46.46759893106989,108.00207590122699,15.99,80,0,2.87
VSL-104,2025-01-11 08:00:00,14.711593374144925,97.73512791269457,13.43,104,0,3.15
VSL-104,2025-01-11 12:00:00,-34.75116214179401,-33.45704333696909,14.33,102,0,3.37
VSL-104,2025-01-11 16:00:00,28.93847027166437,-170.08166134918628,13.31,89,0,5.04
VSL-104,2025-01-11 20:00:00,-35.35762378345949,-22.199688625327354,14.36,115,0,1.4
VSL-104,2025-01-12 00:00:00,-12.159179876812452,146.01046664879186,11.65,116,0,2.59
VSL-104,2025-01-12 04:00:00,25.74558147717329,-35.04968800378683,10.86,90,0,3.52
VSL-104,2025-01-12 08:00:00,-38.131212370005656,-155.3705713673356,13.01,100,0,3.81
VSL-104,2025-01-12 12:00:00,13.901095972795972,35.44669035001155,11.95,87,0,3.79
VSL-104,2025-01-12 16:00:00,-26.319934948627044,171.47683069846028,13.48,102,0,4.51
VSL-104,2025-01-12 20:00:00,-49.29407273189976,75.66110665980267,13.57,84,0,4.14
VSL-104,2025-01-13 00:00:00,4.923799284647146,16.505426414519036,13.78,80,0,1.45
VSL-104,2025-01-13 04:00:00,20.142080766755072,-167.3966410439385,13.49,93,0,1.02
VSL-104,2025-01-13 08:00:00,-48.75775717002877,141.77320277172026,15.07,103,0,4.92
VSL-104,2025-01-13 12:00:00,-18.8848331372523,-9.954175403184053,13.18,104,0,4.39
VSL-104,2025-01-13 16:00:00,27.8902979697031,-165.98788587651202,11.94,94,0,3.98
VSL-104,2025-01-13 20:00:00,-22.010667896362367,44.66570003118031,12.69,100,0,5.67
VSL-104,2025-01-14 00:00:00,9.536576861962018,26.52192902175102,12.9,103,0,1.41
VSL-104,2025-01-14 04:00:00,5.9709104640934285,-104.81635303694601,13.97,116,0,5.26
VSL-104,2025-01-14 08:00:00,38.26702414750554,-179.06101013638693,12.9,84,0,7.53
VSL-104,2025-01-14 12:00:00,48.76909908901537,-117.81077305757881,10.22,106,0,4.97
VSL-104,2025-01-14 16:00:00,-38.372826531400435,126.24022072562212,13.22,93,0,7.85
VSL-104,2025-01-14 20:00:00,39.979052168403825,115.43470046606012,14.21,82,0,3.35
VSL-104,2025-01-15 00:00:00,-28.218964423725957,8.251094706839638,11.74,112,0,4.67
VSL-104,2025-01-15 04:00:00,32.45202571273393,-166.5157136759263,13.64,94,0,1.14
VSL-104,2025-01-15 08:00:00,35.014999926365846,-22.794227647175944,14.51,81,0,3.21
VSL-104,2025-01-15 12:00:00,-23.218896866318627,73.64317039636816,12.36,115,0,6.47
VSL-104,2025-01-15 16:00:00,-40.52816775026389,-24.812119922945186,12.96,84,0,7.14
VSL-104,2025-01-15 20:00:00,1.6536296432074025,-83.61344071634734,13.1,84,0,1.51
VSL-104,2025-01-16 00:00:00,26.039085911141854,-155.49765834953655,13.08,113,0,4.06
VSL-104,2025-01-16 04:00:00,-44.534323482013185,-56.92138115851499,12.79,95,0,5.98
VSL-104,2025-01-16 08:00:00,25.744752210611637,12.891366512217445,11.53,108,0,2.92
VSL-104,2025-01-16 12:00:00,48.875047467202236,166.78020168338855,11.17,110,0,5.62
VSL-104,2025-01-16 16:00:00,23.965252147479774,-126.12876081749235,14.68,109,0,5.71
VSL-104,2025-01-16 20:00:00,-11.529844347624042,-5.5447753557391195,13.36,87,0,2.42
VSL-104,2025-01-17 00:00:00,23.32627885816909,-32.853768967184635,15.12,113,0,2.5
VSL-104,2025-01-17 04:00:00,-42.98061947280796,-84.43269169052643,11.59,117,0,4.95
VSL-104,2025-01-17 08:00:00,5.0650521405613205,-65.8807234258383,15.58,98,0,1.51
VSL-104,2025-01-17 12:00:00,7.433530814081379,-77.82396744880707,14.05,106,0,1.05
VSL-104,2025-01-17 16:00:00,26.345241550262898,116.54714996243257,14.94,104,0,2.64
VSL-105,2025-01-01 04:00:00,4.511354407125481,176.82361661141294,16.5,102,0,5.18
VSL-105,2025-01-01 08:00:00,-25.03093631060569,115.02378238227834,10.9,87,0,7.46
VSL-105,2025-01-01 12:00:00,-16.624156516140623,-23.44905060648449,8.75,88,288,5.45
VSL-105,2025-01-01 16:00:00,48.416680764357665,46.42395458489341,10.56,108,623,5.94
VSL-105,2025-01-01 20:00:00,39.048493950203806,43.96582931907716,13.44,106,0,2.87
VSL-105,2025-01-02 00:00:00,7.90881565657142,-136.22849790099662,10.04,94,376,3.89
VSL-105,2025-01-02 04:00:00,20.042597203807915,-9.34622707856758,8.87,81,480,4.99
VSL-105,2025-01-02 08:00:00,21.527647040566535,27.977043218926468,8.81,115,83,6.52
VSL-105,2025-01-02 12:00:00,25.717452711727447,-74.05630654181532,10.46,110,186,3.18
VSL-105,2025-01-02 16:00:00,-4.985975563403635,-110.18094693956999,9.17,114,334,3.86
VSL-105,2025-01-02 20:00:00,-29.131925770923207,78.3370760888954,15.31,96,0,2.68
VSL-105,2025-01-03 00:00:00,-16.90083271590678,140.0567055738136,8.21,111,542,7.94
VSL-105,2025-01-03 04:00:00,24.317148655622205,17.00349230341766,10.17,87,153,1.56
VSL-105,2025-01-03 08:00:00,-47.884073900609614,-59.69673505075613,11.45,87,224,6.15
VSL-105,2025-01-03 12:00:00,-34.628067939706355,103.56495145927636,11.27,114,404,3.33
VSL-105,2025-01-03 16:00:00,-1.9750552181510344,60.710825662663126,10.16,97,291,3.79
VSL-105,2025-01-03 20:00:00,-44.77774412447593,-51.67834289879937,9.02,109,219,4.82
VSL-105,2025-01-04 00:00:00,-12.949058849802462,-109.61855312079307,13.6,103,0,3.68
VSL-105,2025-01-04 04:00:00,28.535220095379003,59.759974323981396,8.76,93,77,4.97
VSL-105,2025-01-04 08:00:00,-32.03162773990945,-169.71561209501124,9.94,108,285,7.41
VSL-105,2025-01-04 12:00:00,1.1998044371191767,95.45958641863018,10.98,118,721,2.18
VSL-105,2025-01-04 16:00:00,-7.281603229582323,-83.55670454632651,8.89,119,152,7.21
VSL-105,2025-01-04 20:00:00,-14.449691276625828,130.67625750061137,10.11,93,629,5.96
VSL-105,2025-01-05 00:00:00,16.817140306109394,90.15333076463077,10.06,90,723,6.61
VSL-105,2025-01-05 04:00:00,-4.558527703299376,-44.38320915824289,10.46,113,651,7.8
VSL-105,2025-01-05 08:00:00,12.471081093501688,-60.97499311730937,10.7,107,543,4.73
VSL-105,2025-01-05 12:00:00,-45.775005622842016,133.68352413411543,11.31,111,101,5.75
VSL-105,2025-01-05 16:00:00,-14.336233403580124,49.49967562933932,10.12,99,0,7.64
VSL-105,2025-01-05 20:00:00,-37.792763643327575,51.078321155125906,10.87,83,674,3.43
VSL-105,2025-01-06 00:00:00,12.953320702480731,-31.12625076136635,10.91,94,681,4.16
VSL-105,2025-01-06 04:00:00,-24.064328625906285,-24.37988251307965,13.74,104,0,4.02
VSL-105,2025-01-06 08:00:00,-6.36716652110357,-18.753419152935408,12.81,110,0,5.98
VSL-105,2025-01-06 12:00:00,-23.041499130560606,-108.06348697753049,11.47,117,285,5.7
VSL-105,2025-01-06 16:00:00,6.210560286759815,-17.734356902862487,9.59,88,619,3.47
VSL-105,2025-01-06 20:00:00,37.6354467978297,-68.83672059319738,10.18,91,298,4.4
VSL-105,2025-01-07 00:00:00,-32.76761206888476,112.42387282281322,12.42,108,0,5.37
VSL-105,2025-01-07 04:00:00,-34.59465653552684,-63.694634024841676,10.86,86,579,3.67
VSL-105,2025-01-07 08:00:00,42.434914837849476,20.073670914944728,11.23,114,574,4.67
VSL-105,2025-01-07 12:00:00,-2.621323427775799,72.70076495226326,10.18,119,295,5.4
VSL-105,2025-01-07 16:00:00,6.637748134096611,-179.8697735426546,9.01,101,175,3.73
VSL-105,2025-01-07 20:00:00,11.206711393622662,-5.759542364387244,11.34,110,0,6.13
VSL-105,2025-01-08 00:00:00,-9.972588262643512,86.97919297995105,13.25,82,0,6.51
VSL-105,2025-01-08 04:00:00,-44.85311508255138,5.360817578633203,15.27,97,0,4.65
VSL-105,2025-01-08 08:00:00,7.781168438439089,-59.13363712408044,9.59,102,310,6.72
VSL-105,2025-01-08 12:00:00,-4.957795266233433,-12.191950287229048,9.29,86,397,5.7
VSL-105,2025-01-08 16:00:00,-34.46637134983246,1.11772831738989,9.67,106,713,2.7
VSL-105,2025-01-08 20:00:00,-2.007176654503006,-113.89396027673378,9.9,104,425,3.46
VSL-105,2025-01-09 00:00:00,-37.439075888036655,127.7599352273217,12.61,85,484,3.88
VSL-105,2025-01-09 04:00:00,27.492416388487555,-134.61208116047248,10.28,114,109,6.2
VSL-105,2025-01-09 08:00:00,49.25990820024886,-67.07219729259798,11.84,106,397,5.05
VSL-105,2025-01-09 12:00:00,-26.268570957827098,-34.37638751410438,11.21,86,364,4.03
VSL-105,2025-01-09 16:00:00,-32.54619388954582,108.79982360297294,12.44,113,176,2.96
VSL-105,2025-01-09 20:00:00,-8.456791763003956,124.43200794422972,10.46,108,343,1.69
VSL-105,2025-01-10 00:00:00,49.1660882979354,60.858129936976724,14.2,90,0,3.46
VSL-105,2025-01-10 04:00:00,33.936657505357516,156.45689979655634,11.16,106,203,1.35
VSL-105,2025-01-10 08:00:00,1.480859523282163,-129.80516819250434,11.07,101,479,3.99
VSL-105,2025-01-10 12:00:00,43.943014319724185,159.3788691943476,9.96,112,495,5.93
VSL-105,2025-01-10 16:00:00,47.86007736058839,166.88469453801105,10.8,110,241,4.85
VSL-105,2025-01-10 20:00:00,-32.01421508760348,157.19896388692052,11.58,92,0,1.61
VSL-105,2025-01-11 00:00:00,49.166473906974616,-14.964953344148626,11.2,83,498,3.94
VSL-105,2025-01-11 04:00:00,-9.449179845800472,155.5155640257841,9.25,113,416,5.61
VSL-105,2025-01-11 08:00:00,-4.717819142429022,-177.67768054148564,8.21,90,667,5.26
VSL-105,2025-01-11 12:00:00,25.708425093846557,-36.812468710198516,11.23,95,255,3.44
VSL-105,2025-01-11 16:00:00,-8.719633801259278,58.54556017392417,12.71,101,103,3.05
VSL-105,2025-01-11 20:00:00,21.018666204446347,54.9047484676486,13.55,101,0,5.18
VSL-105,2025-01-12 00:00:00,-17.71243250847632,101.05682844414224,8.58,107,203,4.02
VSL-105,2025-01-12 04:00:00,36.419793186735944,-118.78160358207617,11.35,95,416,4.13
VSL-105,2025-01-12 08:00:00,-38.48325785679292,-164.99589735889873,14.03,96,0,3.81
VSL-105,2025-01-12 12:00:00,-25.675145440460234,11.373054490155482,10.53,113,439,4.28
VSL-105,2025-01-12 16:00:00,29.777056933005923,176.31639024504062,9.25,95,106,4.2
VSL-105,2025-01-12 20:00:00,-28.84480544922533,-151.3757413287399,10.39,91,202,4.15
VSL-105,2025-01-13 00:00:00,-36.579850015024576,-139.82977158603438,7.8,105,504,8.08
VSL-105,2025-01-13 04:00:00,-45.40838133771565,-102.78912980153373,13.78,92,0,3.08
VSL-105,2025-01-13 08:00:00,-42.165635781304914,69.00640661631186,8.94,84,139,4.32
VSL-105,2025-01-13 12:00:00,-4.310262117624809,-62.63639086634987,10.06,103,0,6.71
VSL-105,2025-01-13 16:00:00,-35.50766405981053,150.30391325480878,10.04,101,491,6.41
VSL-105,2025-01-13 20:00:00,39.86053097108014,48.462880315761396,12.8,107,332,3.49
VSL-105,2025-01-14 00:00:00,-33.150298790239084,136.31418032864605,12.5,90,717,2.07
VSL-105,2025-01-14 04:00:00,2.0997553971955796,138.6469894554957,10.35,105,396,3.26
VSL-105,2025-01-14 08:00:00,11.653567968744248,97.39012026545305,11.86,102,208,3.69
VSL-105,2025-01-14 12:00:00,18.75392487619135,-130.41336809061187,10.09,109,556,3.87
VSL-105,2025-01-14 16:00:00,-17.47649830839711,-115.76270399115236,15.12,109,0,3.59
VSL-105,2025-01-14 20:00:00,43.21219992477458,46.41463999857504,13.11,118,0,3.83
VSL-105,2025-01-15 00:00:00,26.2018292181816,-173.12267604970845,11.95,108,118,3.22
VSL-105,2025-01-15 04:00:00,-46.76801490424489,72.61805885636585,11.52,83,606,5.33
VSL-105,2025-01-15 08:00:00,0.5154680824052349,-39.01745602151129,11.86,102,414,4.46
VSL-105,2025-01-15 12:00:00,-33.555220719315855,-30.983811096568758,9.84,81,517,7.19
VSL-105,2025-01-15 16:00:00,-9.002206124296293,108.24729850946005,9.52,101,297,5.73
VSL-105,2025-01-15 20:00:00,11.114739359191042,-13.523632941653148,10.54,99,442,5.07
VSL-105,2025-01-16 00:00:00,44.23692354909414,79.69189012708,10.96,89,402,2.41
VSL-105,2025-01-16 04:00:00,-44.50018927673507,-177.86588949377952,13.99,114,0,5.88
VSL-105,2025-01-16 08:00:00,4.793862473591993,121.7667130996287,12.98,113,0,2.96
VSL-105,2025-01-16 12:00:00,19.987527230932898,-95.18369661149967,14.2,81,0,7.24
VSL-105,2025-01-16 16:00:00,30.913387466495763,-120.73656244462546,11.86,80,512,2.31
VSL-105,2025-01-16 20:00:00,10.900219257409141,49.99486326164518,7.99,85,55,4.54
VSL-105,2025-01-17 00:00:00,-11.615996514651236,37.95256227640954,9.79,82,163,5.3
VSL-105,2025-01-17 04:00:00,29.237487378612386,119.27731998486115,12.7,104,0,7.62
VSL-105,2025-01-17 08:00:00,17.96927340214563,-6.146432528952914,9.69,104,330,4.58
VSL-105,2025-01-17 12:00:00,-42.51763789398066,-68.61888380765639,12.88,97,319,3.88
VSL-105,2025-01-17 16:00:00,-13.24797224564572,-2.3320504432599876,9.63,99,498,3.73
VSL-106,2025-01-01 04:00:00,27.375726044521215,-148.82290148392573,22.77,86,0,3.73
VSL-106,2025-01-01 08:00:00,-22.797328127839865,-35.46717099055749,23.56,113,0,5.59
VSL-106,2025-01-01 12:00:00,39.1069429168364,118.45248404173753,21.6,108,0,5.76
VSL-106,2025-01-01 16:00:00,-38.02336521164133,16.666486034428146,23.11,97,0,6.27
VSL-106,2025-01-01 20:00:00,14.364531676082251,-27.071244747907258,23.72,111,0,6.27
VSL-106,2025-01-02 00:00:00,-27.79878706368074,-15.333573719678668,22.26,94,0,3.91
VSL-106,2025-01-02 04:00:00,-8.23854791609088,-112.01354147088742,23.34,88,0,5.61
VSL-106,2025-01-02 08:00:00,-43.81763061336278,-169.6843251188633,21.75,115,0,7.47
VSL-106,2025-01-02 12:00:00,-9.760914606837645,-161.51842977869381,22.69,117,0,5.47
VSL-106,2025-01-02 16:00:00,15.372067252466763,100.09033160476446,23.91,113,0,5.49
VSL-106,2025-01-02 20:00:00,-41.23415849104932,139.7368119858777,20.07,116,0,4.82
VSL-106,2025-01-03 00:00:00,-26.195379102207195,117.81157805937318,21.74,117,0,5.65
VSL-106,2025-01-03 04:00:00,26.862820631844684,-159.67028530527188,24.97,92,0,5.27
VSL-106,2025-01-03 08:00:00,-41.538798564582436,-119.08613986559129,21.9,83,0,8.19
VSL-106,2025-01-03 12:00:00,-20.093706744746477,-54.698532091243806,21.49,108,0,5.31
VSL-106,2025-01-03 16:00:00,36.93218558617045,-103.58637020418762,22.38,119,0,6.14
VSL-106,2025-01-03 20:00:00,-41.783654132752204,-179.94090286099382,21.6,114,0,6.79
VSL-106,2025-01-04 00:00:00,25.168025741402317,-121.57333034896583,22.21,115,0,6.26
VSL-106,2025-01-04 04:00:00,-8.417982123587379,-4.069076080910577,23.71,97,0,5.03
VSL-106,2025-01-04 08:00:00,47.82941957323631,-60.64777917547417,22.55,107,0,6.21
VSL-106,2025-01-04 12:00:00,-36.355980890351404,86.66764719081874,22.71,80,0,4.43
VSL-106,2025-01-04 16:00:00,-1.1071931563487851,39.279513047053285,21.78,111,0,4.9
VSL-106,2025-01-04 20:00:00,7.276591070761384,115.74737404478378,25.72,80,0,2.55
VSL-106,2025-01-05 00:00:00,-8.269480882893355,-2.2931175405795443,22.39,83,0,6.56
VSL-106,2025-01-05 04:00:00,11.798821548060623,-162.11113269680735,20.23,93,0,3.87
VSL-106,2025-01-05 08:00:00,5.951468129993756,-24.005986065401288,22.37,98,0,5.4
VSL-106,2025-01-05 12:00:00,39.42107091784082,-69.70059442203758,21.71,119,0,3.71
VSL-106,2025-01-05 16:00:00,-43.562620365154594,61.77250768981719,24.88,112,0,4.5
VSL-106,2025-01-05 20:00:00,-42.41071251907347,-0.6439743859404246,21.27,85,0,5.16
VSL-106,2025-01-06 00:00:00,0.13573524432051443,-14.093130063442942,22.42,105,0,2.21
VSL-106,2025-01-06 04:00:00,-30.866464749808475,77.30762870585494,23.91,81,0,5.45
VSL-106,2025-01-06 08:00:00,29.176944993440628,93.87289828670009,22.93,95,0,5.74
VSL-106,2025-01-06 12:00:00,22.530731961095512,131.29592558812556,22.15,107,0,7.64
VSL-106,2025-01-06 16:00:00,15.740999722933537,-30.168410512986412,24.37,83,0,4.3
VSL-106,2025-01-06 20:00:00,-38.39766366593223,-40.508346593167516,23.75,93,0,6.04
VSL-106,2025-01-07 00:00:00,-11.616147901853346,65.51178466941022,22.2,115,0,5.62
VSL-106,2025-01-07 04:00:00,16.9616360913067,-59.59918331577168,23.17,101,0,7.36
VSL-106,2025-01-07 08:00:00,47.397942841506605,-169.33036265391823,22.02,91,0,2.17
VSL-106,2025-01-07 12:00:00,-47.538519080017196,-1.9161396356356875,24.14,114,0,6.21
VSL-106,2025-01-07 16:00:00,19.935694073267626,71.6524778732875,21.73,107,0,7.75
VSL-106,2025-01-07 20:00:00,-46.18173800298325,105.13753753437845,24.77,107,0,0.92
VSL-106,2025-01-08 00:00:00,4.573509491156656,-38.70312954948548,24.03,119,0,3.92
VSL-106,2025-01-08 04:00:00,-21.466668038257698,153.09862418966583,20.26,98,0,6.23
VSL-106,2025-01-08 08:00:00,-22.966936730167,86.32486068733425,21.63,82,0,4.73
VSL-106,2025-01-08 12:00:00,44.59558589782205,-163.67937956825654,23.26,86,0,7.26
VSL-106,2025-01-08 16:00:00,44.628615346903516,-140.99184890092423,21.84,98,0,7.68
VSL-106,2025-01-08 20:00:00,46.392560472033566,-30.523502645891284,19.63,116,0,8.45
VSL-106,2025-01-09 00:00:00,-45.2052328080289,-100.9574359139513,24.59,86,0,3.73
VSL-106,2025-01-09 04:00:00,2.066909677743425,0.9468282150008918,19.72,111,0,8.53
VSL-106,2025-01-09 08:00:00,-36.75163373862783,27.39938320187946,21.91,94,0,7.33
VSL-106,2025-01-09 12:00:00,-3.2014576303942093,-30.880881283621108,22.03,85,0,4.46
VSL-106,2025-01-09 16:00:00,-6.787725888769877,167.37838465034105,21.56,106,0,6.55
VSL-106,2025-01-09 20:00:00,2.4516814940704137,-3.989364532911452,21.91,88,0,7.43
VSL-106,2025-01-10 00:00:00,-37.01865131029851,-95.31428000019434,21.14,110,0,8.14
VSL-106,2025-01-10 04:00:00,38.30033114635799,33.664688514980185,21.6,113,0,3.87
VSL-106,2025-01-10 08:00:00,-18.99422271425021,-143.27606195197234,22.15,95,0,6.59
VSL-106,2025-01-10 12:00:00,-40.80205199125588,133.75961180542896,23.6,80,0,6.96
VSL-106,2025-01-10 16:00:00,-12.871994718739053,157.8651619640287,24.04,102,0,6.54
VSL-106,2025-01-10 20:00:00,-6.73740009996434,91.545426341689,21.24,104,0,5.85
VSL-106,2025-01-11 00:00:00,-30.705531417025156,104.98997426669058,25.17,106,0,1.55
VSL-106,2025-01-11 04:00:00,38.48504385927242,161.36366771397462,24.43,94,0,4.51
VSL-106,2025-01-11 08:00:00,-13.274535974070481,-76.12901652730294,23.79,118,0,1.59
VSL-106,2025-01-11 12:00:00,-20.388106062187394,-114.01691130228726,25.03,90,0,6.27
VSL-106,2025-01-11 16:00:00,-46.84737435952272,-98.50389246411076,24.48,104,0,4.99
VSL-106,2025-01-11 20:00:00,-43.73385990641111,-130.75482938437867,24.09,105,0,3.56
VSL-106,2025-01-12 00:00:00,-16.26744474424129,-23.124159698979383,20.94,90,0,5.84
VSL-106,2025-01-12 04:00:00,-5.641237881466935,-74.05533439192165,21.88,81,0,6.17
VSL-106,2025-01-12 08:00:00,-12.80998841196709,47.97802005391688,22.13,107,0,3.65
VSL-106,2025-01-12 12:00:00,-4.149063929444232,119.86821857651506,22.62,112,0,6.67
VSL-106,2025-01-12 16:00:00,-0.7628814755665871,34.09942877913241,21.51,101,0,6.05
VSL-106,2025-01-12 20:00:00,-10.108369873018738,-31.45750438096357,22.67,105,0,7.72
VSL-106,2025-01-13 00:00:00,45.20865848116212,-27.06129109467014,21.25,110,0,5.46
VSL-106,2025-01-13 04:00:00,-10.052164591795766,-4.37353803848012,21.8,83,0,6.27
VSL-106,2025-01-13 08:00:00,8.647979828123496,-134.32662600926844,23.3,95,0,2.05
VSL-106,2025-01-13 12:00:00,-41.093770903957335,159.7621761757942,22.38,103,0,8.0
VSL-106,2025-01-13 16:00:00,-13.57290416328015,-87.63526038487956,23.96,84,0,2.15
VSL-106,2025-01-13 20:00:00,7.0505317815440804,97.50248744838314,21.49,114,0,8.02
VSL-106,2025-01-14 00:00:00,1.8502371124578616,29.243703060824657,22.04,96,0,7.97
VSL-106,2025-01-14 04:00:00,-9.865955346897138,-160.78861019428322,24.83,89,0,2.77
VSL-106,2025-01-14 08:00:00,-40.44449006916038,-179.80226960219008,24.52,103,0,4.6
VSL-106,2025-01-14 12:00:00,39.49500169027135,122.57160062364983,24.98,119,0,5.08
VSL-106,2025-01-14 16:00:00,-46.58419143214814,174.8991531373519,21.68,94,0,5.57
VSL-106,2025-01-14 20:00:00,6.693767300476729,46.165499611826476,21.94,101,0,6.09
VSL-106,2025-01-15 00:00:00,-30.849459533852265,142.98373743097397,21.65,102,0,5.28
VSL-106,2025-01-15 04:00:00,28.38956337510939,-41.07953395097297,24.42,85,0,4.76
VSL-106,2025-01-15 08:00:00,-2.879271062947076,51.77739874260544,23.17,83,0,7.94
VSL-106,2025-01-15 12:00:00,-31.35308585180132,-1.4361341929002833,23.46,102,0,4.58
VSL-106,2025-01-15 16:00:00,-20.384863343812654,104.72544310467646,24.54,103,0,5.96
VSL-106,2025-01-15 20:00:00,-48.74468216231978,-138.63387571934666,22.33,100,0,3.65
VSL-106,2025-01-16 00:00:00,-26.07888350009989,-157.95214381867626,19.23,109,0,7.62
VSL-106,2025-01-16 04:00:00,14.981263726500941,52.187983016688776,22.51,113,0,6.68
VSL-106,2025-01-16 08:00:00,21.998878081875418,-75.87751995881224,22.56,93,0,3.97
VSL-106,2025-01-16 12:00:00,30.75187790730854,72.56059256278701,24.11,101,0,0.68
VSL-106,2025-01-16 16:00:00,27.012843357684517,-141.04947896409823,24.31,110,0,4.32
VSL-106,2025-01-16 20:00:00,13.831978364642751,71.39630673623216,21.93,84,0,6.7
VSL-106,2025-01-17 00:00:00,32.93486780252715,1.8348336445126847,23.2,104,0,2.83
VSL-106,2025-01-17 04:00:00,-5.281065964164547,-74.96068681114566,25.54,103,0,3.03
VSL-106,2025-01-17 08:00:00,15.556535186160914,1.4532094880334512,22.46,97,0,4.38
VSL-106,2025-01-17 12:00:00,8.487494300415555,100.95367517797689,24.53,91,0,4.22
VSL-106,2025-01-17 16:00:00,-20.007027056772042,176.66029895487185,25.14,114,0,4.03
VSL-107,2025-01-01 04:00:00,-14.779670514537244,73.08379614542932,13.86,92,0,2.03
VSL-107,2025-01-01 08:00:00,16.10391008154393,19.61527187639041,12.71,115,0,6.84
VSL-107,2025-01-01 12:00:00,-21.769124271073203,-56.47807419759636,13.22,80,0,3.67
VSL-107,2025-01-01 16:00:00,16.51716498478477,-6.546949953819848,12.51,106,0,2.81
VSL-107,2025-01-01 20:00:00,-49.918525533303395,79.42697211417641,12.23,105,0,2.35
VSL-107,2025-01-02 00:00:00,-2.685293017855763,-18.421739449504116,12.56,111,0,6.37
VSL-107,2025-01-02 04:00:00,32.75893785294663,-34.58353978442818,12.29,83,0,6.21
VSL-107,2025-01-02 08:00:00,14.533610162833128,147.62119604458707,14.59,96,0,1.81
VSL-107,2025-01-02 12:00:00,18.704708657924925,54.685344013141076,13.26,96,0,4.81
VSL-107,2025-01-02 16:00:00,9.112321982469432,-132.44959519380487,15.38,115,0,2.4
VSL-107,2025-01-02 20:00:00,-39.644423017764254,49.75787943701303,12.72,111,0,3.62
VSL-107,2025-01-03 00:00:00,27.855420814392772,-65.58332559164036,16.13,87,0,5.1
VSL-107,2025-01-03 04:00:00,-8.806292874927571,-100.99967022416656,12.17,90,0,2.89
VSL-107,2025-01-03 08:00:00,-17.273341506959348,63.2208925858736,11.37,113,0,5.13
VSL-107,2025-01-03 12:00:00,-9.382165118256204,-137.57634947187677,13.86,89,0,3.0
VSL-107,2025-01-03 16:00:00,20.58801157428786,69.92337557300036,13.23,96,0,3.65
VSL-107,2025-01-03 20:00:00,-16.58106097793587,-135.92524609397418,15.3,96,0,3.33
VSL-107,2025-01-04 00:00:00,4.713895363862605,-155.28510565333173,11.62,111,0,6.81
VSL-107,2025-01-04 04:00:00,2.259374117818048,-97.91115366122825,14.68,102,0,5.33
VSL-107,2025-01-04 08:00:00,-44.583015186465325,100.31107897110036,11.46,84,0,0.64
VSL-107,2025-01-04 12:00:00,2.785324313151925,78.84401487633329,13.77,116,0,5.88
VSL-107,2025-01-04 16:00:00,15.509881390057785,13.209718722311123,13.41,107,0,2.84
VSL-107,2025-01-04 20:00:00,10.661559042382116,-64.37094888059062,13.43,91,0,5.18
VSL-107,2025-01-05 00:00:00,38.79335371370935,-46.744124712959916,12.94,99,0,6.08
VSL-107,2025-01-05 04:00:00,6.073125309263126,154.22491340956628,11.4,99,0,6.42
VSL-107,2025-01-05 08:00:00,-43.71025724724091,-94.14762893481974,11.96,116,0,5.45
VSL-107,2025-01-05 12:00:00,-32.01620983333538,-62.497219579524725,12.2,110,0,4.45
VSL-107,2025-01-05 16:00:00,-15.379422361132335,-118.22988427728924,12.49,107,0,4.72
VSL-107,2025-01-05 20:00:00,36.79517882452163,-20.796268514078008,15.14,97,0,5.53
VSL-107,2025-01-06 00:00:00,-9.762048959946931,-122.16453589297231,12.4,102,0,5.7
VSL-107,2025-01-06 04:00:00,-39.729175542872,-49.20815552500477,10.68,92,0,3.05
VSL-107,2025-01-06 08:00:00,9.787434418453813,-81.11408910844668,11.31,96,0,6.67
VSL-107,2025-01-06 12:00:00,-6.034777295685892,169.87603002045,10.45,95,0,4.01
VSL-107,2025-01-06 16:00:00,40.49317758403451,-5.273178250597425,12.64,115,0,4.87
VSL-107,2025-01-06 20:00:00,42.4402037360247,115.86908696295012,13.01,115,0,3.92
VSL-107,2025-01-07 00:00:00,23.880025876322463,83.20831219438247,12.59,94,0,7.19
VSL-107,2025-01-07 04:00:00,22.400021316436266,110.93604466146178,13.89,103,0,4.37
VSL-107,2025-01-07 08:00:00,-3.5013831422958432,-165.55690349499295,11.37,81,0,2.26
VSL-107,2025-01-07 12:00:00,44.28494327035453,-26.88860706959116,15.85,83,0,5.43
VSL-107,2025-01-07 16:00:00,-41.82105506878941,125.12990580531056,11.26,116,0,5.64
VSL-107,2025-01-07 20:00:00,30.135867379674224,58.12877198901745,11.7,104,0,3.86
VSL-107,2025-01-08 00:00:00,-20.136129989743022,-44.119659731651325,10.88,109,0,6.99
VSL-107,2025-01-08 04:00:00,26.344137483568474,-62.32464799867215,10.35,90,0,6.63
VSL-107,2025-01-08 08:00:00,-10.734545853835066,60.065524551466126,13.36,84,0,3.21
VSL-107,2025-01-08 12:00:00,18.531249083238606,113.80658140307867,11.52,86,0,6.36
VSL-107,2025-01-08 16:00:00,-3.732743336875089,28.40817300374917,11.41,97,0,5.98
VSL-107,2025-01-08 20:00:00,12.72035552033146,100.33664398348265,12.39,111,0,7.34
VSL-107,2025-01-09 00:00:00,-22.803573244304054,139.67190204761994,13.14,111,0,3.22
VSL-107,2025-01-09 04:00:00,29.947332469462822,-95.50991820441378,12.88,119,0,7.05
VSL-107,2025-01-09 08:00:00,21.93197003659249,99.4894552224074,15.15,94,0,2.06
VSL-107,2025-01-09 12:00:00,-6.331845782208269,151.217183330453,10.53,80,0,7.51
VSL-107,2025-01-09 16:00:00,11.868852532713312,108.4491964005939,11.61,106,0,5.14
VSL-107,2025-01-09 20:00:00,-12.798040403384391,-65.80718565392861,13.37,87,0,2.92
VSL-107,2025-01-10 00:00:00,-46.569123629634156,33.415983254482995,13.62,92,0,6.09
VSL-107,2025-01-10 04:00:00,-3.885160169346925,96.2991031594824,12.73,94,0,7.65
VSL-107,2025-01-10 08:00:00,44.63373812253913,-0.408893555729378,13.85,94,0,3.26
VSL-107,2025-01-10 12:00:00,-0.7787541664646795,96.06519670833035,10.62,115,0,5.03
VSL-107,2025-01-10 16:00:00,18.74667580622358,-61.03226082879975,14.62,87,0,2.41
VSL-107,2025-01-10 20:00:00,-49.28231108054233,-118.70088325748496,10.81,86,0,6.95
VSL-107,2025-01-11 00:00:00,6.567120318719091,18.40554910923808,13.41,82,0,2.3
VSL-107,2025-01-11 04:00:00,47.33983151981174,154.19306545484613,11.0,85,0,3.71
VSL-107,2025-01-11 08:00:00,-1.9050716736423539,113.4447642746726,14.09,93,0,5.17
VSL-107,2025-01-11 12:00:00,-47.61237640642965,-62.23307013071555,16.35,96,0,2.19
VSL-107,2025-01-11 16:00:00,45.78991080936791,-121.00882085797609,12.81,85,0,3.85
VSL-107,2025-01-11 20:00:00,-11.225242938394523,-135.9473052410063,12.3,82,0,7.1
VSL-107,2025-01-12 00:00:00,37.186200005112084,-60.75851512672355,11.92,111,0,5.82
VSL-107,2025-01-12 04:00:00,37.361481332948,98.90749340446632,13.97,95,0,6.64
VSL-107,2025-01-12 08:00:00,-48.07855016712874,160.77461134608512,11.24,88,0,5.78
VSL-107,2025-01-12 12:00:00,17.732697485004607,-56.704585944013246,11.33,115,0,4.11
VSL-107,2025-01-12 16:00:00,-47.01794520425532,91.35739760055083,11.65,103,0,7.8
VSL-107,2025-01-12 20:00:00,35.8659898485912,-41.254294255624586,16.33,113,0,3.26
VSL-107,2025-01-13 00:00:00,-13.830026144338618,-10.770669570528838,16.79,117,0,4.36
VSL-107,2025-01-13 04:00:00,15.607116704256768,-10.194216778013299,14.46,95,0,4.04
VSL-107,2025-01-13 08:00:00,-44.305595919750694,160.40410109173007,11.49,118,0,7.72
VSL-107,2025-01-13 12:00:00,43.11873767470112,-164.484744586565,10.46,107,0,4.4
VSL-107,2025-01-13 16:00:00,-45.32006840033941,53.891533881546906,12.3,89,0,6.76
VSL-107,2025-01-13 20:00:00,-11.93810374537869,13.961236762743738,11.51,108,0,5.66
VSL-107,2025-01-14 00:00:00,32.05702108069667,-17.75149618778528,12.87,104,0,8.32
VSL-107,2025-01-14 04:00:00,-36.67525533468322,132.3618017222459,12.68,111,0,1.77
VSL-107,2025-01-14 08:00:00,-3.7995302211874673,144.6507777094999,14.87,91,0,6.21
VSL-107,2025-01-14 12:00:00,2.808861693750174,95.45848976686528,14.52,87,0,4.6
VSL-107,2025-01-14 16:00:00,-31.646033085151583,-119.26808979323405,12.56,83,0,4.48
VSL-107,2025-01-14 20:00:00,-35.72007774655588,104.73568860446471,14.09,92,0,7.96
VSL-107,2025-01-15 00:00:00,-17.204118188238446,164.1510737172344,10.42,118,0,6.99
VSL-107,2025-01-15 04:00:00,-33.59484228301083,-176.54968043934701,12.96,97,0,3.08
VSL-107,2025-01-15 08:00:00,-40.847748602644515,3.675249787483324,14.46,103,0,5.7
VSL-107,2025-01-15 12:00:00,43.21697897313662,-78.00696664304094,15.04,80,0,1.23
VSL-107,2025-01-15 16:00:00,-46.56266221782096,-55.180935894345524,13.24,105,0,4.47
VSL-107,2025-01-15 20:00:00,-33.88195238686916,-106.28864980074924,10.13,87,0,4.43
VSL-107,2025-01-16 00:00:00,-47.65591484547615,-124.58813216277146,12.44,99,0,1.77
VSL-107,2025-01-16 04:00:00,-43.240011160496884,-107.5180775224396,13.92,112,0,5.41
VSL-107,2025-01-16 08:00:00,41.700231444109065,173.14536739733938,9.16,80,0,6.79
VSL-107,2025-01-16 12:00:00,-13.344870780624632,138.07445601678955,12.11,103,0,2.21
VSL-107,2025-01-16 16:00:00,22.601485346057373,-44.86175896278135,13.92,119,0,3.46
VSL-107,2025-01-16 20:00:00,11.959697253417986,163.93734155208716,11.5,86,0,5.76
VSL-107,2025-01-17 00:00:00,-3.832628305805784,-131.80808893221703,15.6,85,0,4.15
VSL-107,2025-01-17 04:00:00,30.146305815160986,0.5287631716395538,12.76,109,0,4.69
VSL-107,2025-01-17 08:00:00,31.054423068316765,62.16207237572965,14.5,114,0,3.26
VSL-107,2025-01-17 12:00:00,-29.892847399377153,7.40312429255755,12.23,96,0,5.8
VSL-107,2025-01-17 16:00:00,-1.595940857029909,36.63886106238584,12.95,93,0,3.41
VSL-108,2025-01-01 04:00:00,32.893266837289104,-57.330583432686,9.81,111,554,4.64
VSL-108,2025-01-01 08:00:00,-35.350995017360766,56.576220370584565,11.73,102,0,7.04
VSL-108,2025-01-01 12:00:00,-21.965257149361328,146.62841766476657,10.23,91,649,5.07
VSL-108,2025-01-01 16:00:00,16.549321212262512,111.32283354998049,12.44,115,0,4.3
VSL-108,2025-01-01 20:00:00,49.37215068365268,167.23617810035563,8.34,100,304,7.66
VSL-108,2025-01-02 00:00:00,9.808016839995368,5.254726598635216,11.28,93,643,3.82
VSL-108,2025-01-02 04:00:00,-30.74391676139776,138.47529638936635,9.67,102,492,2.84
VSL-108,2025-01-02 08:00:00,32.620688109246316,-44.232836630829894,10.6,118,0,8.07
VSL-108,2025-01-02 12:00:00,-12.3814158852257,55.435967932202914,12.47,94,154,1.22
VSL-108,2025-01-02 16:00:00,44.367852780534506,-113.3697506213887,10.95,81,93,1.73
VSL-108,2025-01-02 20:00:00,-4.396734390826694,71.07186152231228,14.89,84,0,4.44
VSL-108,2025-01-03 00:00:00,-28.469660214405934,-148.94631909746778,10.47,101,317,3.57
VSL-108,2025-01-03 04:00:00,-15.926865448718253,6.0935005146027095,11.21,109,458,4.21
VSL-108,2025-01-03 08:00:00,28.379386034794223,-101.23233314553532,12.42,105,0,3.39
VSL-108,2025-01-03 12:00:00,38.22752782278046,-132.16751645956623,11.22,98,112,4.45
VSL-108,2025-01-03 16:00:00,15.607579689531974,28.192980794784432,9.13,94,234,4.73
VSL-108,2025-01-03 20:00:00,22.493961839806317,111.85595212483332,8.79,92,65,7.44
VSL-108,2025-01-04 00:00:00,11.199925865469119,-72.70376231559332,15.08,102,0,1.56
VSL-108,2025-01-04 04:00:00,18.024980797837912,71.37710039032831,8.99,111,65,4.1
VSL-108,2025-01-04 08:00:00,-41.691423032666286,-171.99682349209615,12.83,99,0,5.54
VSL-108,2025-01-04 12:00:00,41.167521249546155,62.618469277896935,13.48,114,486,2.07
VSL-108,2025-01-04 16:00:00,-37.58621149155409,11.170711456709256,14.19,80,0,3.95
VSL-108,2025-01-04 20:00:00,10.854045931216028,-110.24630210634724,9.98,84,522,4.54
VSL-108,2025-01-05 00:00:00,21.605240131796037,35.802224157084225,8.78,87,647,7.54
VSL-108,2025-01-05 04:00:00,-15.583407355836563,20.206608525962253,9.48,116,131,2.72
VSL-108,2025-01-05 08:00:00,-6.937897269945502,30.517787428244816,12.73,108,433,5.32
VSL-108,2025-01-05 12:00:00,-9.762492457742276,-56.4259244293782,12.94,85,0,3.36
VSL-108,2025-01-05 16:00:00,38.15868625054942,-60.04716496876594,12.67,96,0,2.28
VSL-108,2025-01-05 20:00:00,5.995080195249159,-117.4313801548781,12.33,104,0,5.99
VSL-108,2025-01-06 00:00:00,16.771594259051852,-102.88563083554293,12.57,113,0,8.2
VSL-108,2025-01-06 04:00:00,37.92840048546782,-161.73764777207313,9.59,85,266,6.11
VSL-108,2025-01-06 08:00:00,6.394727751929295,-66.30803913434015,11.13,108,254,2.04
VSL-108,2025-01-06 12:00:00,41.14028846008853,-40.795890751959234,12.07,96,621,1.81
VSL-108,2025-01-06 16:00:00,-4.421257156140435,-71.9121809727404,8.08,93,445,3.28
VSL-108,2025-01-06 20:00:00,-37.883448015326415,90.08423555198863,10.97,109,71,2.54
VSL-108,2025-01-07 00:00:00,36.88123821855058,43.82262986935248,8.72,83,300,4.78
VSL-108,2025-01-07 04:00:00,-16.065821534767032,147.3969283735471,12.55,83,318,1.61
VSL-108,2025-01-07 08:00:00,-14.230984908684228,-52.72274130551624,9.63,94,76,6.28
VSL-108,2025-01-07 12:00:00,-36.963312472298355,-89.5245696835043,12.45,93,0,4.21
VSL-108,2025-01-07 16:00:00,-43.43268700029665,-101.11287477372076,7.5,95,478,7.74
VSL-108,2025-01-07 20:00:00,15.79825240411104,-165.18686552389804,10.44,117,603,4.78
VSL-108,2025-01-08 00:00:00,-43.735489303907,-49.63609885685784,11.73,111,461,3.1
VSL-108,2025-01-08 04:00:00,-12.121512468143813,-17.149465553782278,10.68,110,468,4.67
VSL-108,2025-01-08 08:00:00,5.2325195323296185,-139.99929534203142,10.3,108,148,6.36
VSL-108,2025-01-08 12:00:00,-1.5626500244862314,-151.48143132873963,14.78,114,0,6.38
VSL-108,2025-01-08 16:00:00,-38.4545709553198,-129.08962035906814,10.27,111,293,1.32
VSL-108,2025-01-08 20:00:00,-49.066736683264764,153.60849428974842,13.35,94,0,4.56
VSL-108,2025-01-09 00:00:00,-7.039821094471023,-92.08922683138165,12.04,111,424,1.87
VSL-108,2025-01-09 04:00:00,-24.395771312493885,-177.9122639768611,9.35,106,619,6.09
VSL-108,2025-01-09 08:00:00,1.7554411593984156,-101.02133626895038,11.22,93,66,1.99
VSL-108,2025-01-09 12:00:00,-26.052571388010236,-18.84785533505172,10.78,89,252,4.86
VSL-108,2025-01-09 16:00:00,-48.09110468115351,-6.700425768706054,10.54,119,419,5.52
VSL-108,2025-01-09 20:00:00,-0.1349882267291278,174.93073685680343,10.9,112,355,1.6
VSL-108,2025-01-10 00:00:00,-2.0128112595888226,-157.3903574269998,11.05,98,391,2.8
VSL-108,2025-01-10 04:00:00,-23.88509844677302,-108.66139811569847,9.74,117,137,5.91
VSL-108,2025-01-10 08:00:00,27.65768507079777,-70.84980373595627,10.35,95,0,7.12
VSL-108,2025-01-10 12:00:00,-47.55415519419631,79.20073902656219,11.25,100,275,4.36
VSL-108,2025-01-10 16:00:00,-41.71777213628669,-88.09671017184624,8.98,106,557,7.19
VSL-108,2025-01-10 20:00:00,44.42597597632016,137.31485728674562,11.16,102,357,6.22
VSL-108,2025-01-11 00:00:00,31.577366552998072,-131.65570712627257,10.3,80,458,5.96
VSL-108,2025-01-11 04:00:00,-14.554774022779739,160.66778621006353,10.09,115,621,5.07
VSL-108,2025-01-11 08:00:00,-3.0097010962891417,159.06813068892922,13.33,86,0,5.64
VSL-108,2025-01-11 12:00:00,4.813993442342749,-163.19344384888532,10.73,82,560,1.88
VSL-108,2025-01-11 16:00:00,48.68259394301457,69.31884331219507,10.39,105,593,2.73
VSL-108,2025-01-11 20:00:00,27.335357200601933,170.27893906739052,10.4,112,237,1.45
VSL-108,2025-01-12 00:00:00,14.427807296399394,64.8296946732467,11.25,102,0,8.65
VSL-108,2025-01-12 04:00:00,4.710967473205862,23.807863853497707,10.85,81,356,4.58
VSL-108,2025-01-12 08:00:00,39.549927060407825,-57.64962484163641,14.0,104,553,0.42
VSL-108,2025-01-12 12:00:00,-1.4715719889091474,-21.03423252945356,14.53,86,0,3.0
VSL-108,2025-01-12 16:00:00,44.572956001179136,96.98701422410323,11.48,101,280,3.42
VSL-108,2025-01-12 20:00:00,39.38551959257599,-27.655912761185164,9.12,112,457,4.76
VSL-108,2025-01-13 00:00:00,37.461522816224274,-25.223027626060485,10.64,114,579,6.92
VSL-108,2025-01-13 04:00:00,-31.850060641956844,172.83098972922863,10.29,107,280,1.87
VSL-108,2025-01-13 08:00:00,-26.79106135087379,127.81610175349482,10.77,94,230,1.36
VSL-108,2025-01-13 12:00:00,39.37700420974832,-37.88265841662064,15.04,95,0,2.46
VSL-108,2025-01-13 16:00:00,44.04807730163559,-56.66251227300455,11.19,114,146,7.08
VSL-108,2025-01-13 20:00:00,-30.29369516947016,-110.47658021545246,8.0,108,611,7.92
VSL-108,2025-01-14 00:00:00,-17.29930081248309,70.98716888874162,9.08,101,413,3.04
VSL-108,2025-01-14 04:00:00,-12.255054212453409,152.4774969247655,10.83,103,270,3.61
VSL-108,2025-01-14 08:00:00,-36.847491960830794,105.23737190735903,9.88,102,430,5.81
VSL-108,2025-01-14 12:00:00,-6.74612418073729,64.09290162434488,9.83,112,471,5.15
VSL-108,2025-01-14 16:00:00,48.40833933218789,149.5254400035044,14.76,105,0,1.75
VSL-108,2025-01-14 20:00:00,28.695542495405306,-2.930353806054228,10.75,114,54,3.84
VSL-108,2025-01-15 00:00:00,-16.6613001882382,103.22872706808192,8.73,102,137,5.84
VSL-108,2025-01-15 04:00:00,-10.802209058300981,-4.834446681137706,7.79,117,627,3.81
VSL-108,2025-01-15 08:00:00,-47.343605674734505,-155.18784515597324,10.64,91,334,2.81
VSL-108,2025-01-15 12:00:00,4.010725490871806,-56.30588204007114,10.5,104,395,3.78
VSL-108,2025-01-15 16:00:00,-49.272531196347735,-141.98705145006016,10.08,96,67,8.35
VSL-108,2025-01-15 20:00:00,18.791984870766356,39.86325669047429,11.0,104,589,4.11
VSL-108,2025-01-16 00:00:00,-40.77326551927823,-88.73599494232603,7.55,108,556,4.24
VSL-108,2025-01-16 04:00:00,46.75810459363767,-175.2838190488174,9.92,119,465,4.84
VSL-108,2025-01-16 08:00:00,43.98436660440987,-16.107725279535828,12.62,99,0,4.55
VSL-108,2025-01-16 12:00:00,7.825389776775978,109.89163409169242,12.34,113,0,6.14
VSL-108,2025-01-16 16:00:00,-0.5990900433441055,-73.88524476838218,10.69,94,236,2.98
VSL-108,2025-01-16 20:00:00,3.185344016129342,21.944229982558994,14.75,83,0,0.93
VSL-108,2025-01-17 00:00:00,-49.12606321907601,75.22612365705257,11.27,102,72,2.04
VSL-108,2025-01-17 04:00:00,-15.960549103497833,-141.50981539561698,8.82,89,520,7.87
VSL-108,2025-01-17 08:00:00,-32.44096460054564,-29.55885641573309,13.43,89,0,4.63
VSL-108,2025-01-17 12:00:00,12.071344682881637,10.237569336497302,10.21,86,609,2.64
VSL-108,2025-01-17 16:00:00,8.94012724665906,-94.90466043645664,10.94,106,381,4.75
VSL-109,2025-01-01 04:00:00,8.548654835648016,-10.632102787076434,13.56,92,0,3.19
VSL-109,2025-01-01 08:00:00,-3.9805160926630805,95.99407867469995,13.47,87,0,7.63
VSL-109,2025-01-01 12:00:00,-40.7375990337936,162.553955069143,13.66,109,0,5.58
VSL-109,2025-01-01 16:00:00,-21.34869729700345,113.869875332645,12.86,97,0,3.73
VSL-109,2025-01-01 20:00:00,-4.213853433909563,-45.02780986054992,11.98,106,0,6.93
VSL-109,2025-01-02 00:00:00,-14.064480927573165,139.0649287850204,15.29,94,0,4.68
VSL-109,2025-01-02 04:00:00,-13.302172652145181,-41.879928104818845,11.91,89,0,3.82
VSL-109,2025-01-02 08:00:00,-0.9452205164562457,-35.802459180092,11.23,108,0,7.33
VSL-109,2025-01-02 12:00:00,-35.79655114222846,61.886329568164825,11.1,102,0,3.16
VSL-109,2025-01-02 16:00:00,9.47740427664582,104.20546308315443,11.62,109,0,6.17
VSL-109,2025-01-02 20:00:00,-6.522709933708825,80.10564945569752,10.86,109,0,7.32
VSL-109,2025-01-03 00:00:00,-33.15262351068401,92.2313618385927,14.74,80,0,3.31
VSL-109,2025-01-03 04:00:00,-16.602573233224163,169.0321727931726,11.84,106,0,7.72
VSL-109,2025-01-03 08:00:00,-20.252408103810083,79.33161390456155,11.06,99,0,6.67
VSL-109,2025-01-03 12:00:00,-20.641394653184374,-98.13376897396947,14.56,107,0,3.24
VSL-109,2025-01-03 16:00:00,8.027852248148662,-109.49441453321384,14.68,103,0,6.39
VSL-109,2025-01-03 20:00:00,-20.224540823311944,-178.10475934212178,10.73,102,0,4.7
VSL-109,2025-01-04 00:00:00,-33.66018486332182,-57.80385249155289,10.95,116,0,4.11
VSL-109,2025-01-04 04:00:00,44.9971770937818,-47.275824853419124,10.98,95,0,4.37
VSL-109,2025-01-04 08:00:00,-1.944366926508991,-116.17969165015123,15.1,84,0,0.93
VSL-109,2025-01-04 12:00:00,3.872919060096713,-148.40437351144976,12.63,112,0,6.8
VSL-109,2025-01-04 16:00:00,31.798692989221436,-175.24691879969757,12.65,106,0,7.35
VSL-109,2025-01-04 20:00:00,7.236320286542089,37.10717226515143,13.31,119,0,4.2
VSL-109,2025-01-05 00:00:00,-4.9612648901920835,78.41948055269063,13.03,82,0,4.58
VSL-109,2025-01-05 04:00:00,-35.13193103245037,-67.3141550698905,12.4,84,0,6.1
VSL-109,2025-01-05 08:00:00,39.6056517767214,-169.88575007768185,9.8,97,0,5.19
VSL-109,2025-01-05 12:00:00,44.70839785847072,5.189734725642182,11.85,107,0,4.21
VSL-109,2025-01-05 16:00:00,-30.78732565550082,-141.7705178908548,10.77,111,0,5.05
VSL-109,2025-01-05 20:00:00,-29.09812858060277,160.83884793236774,13.57,83,0,0.61
VSL-109,2025-01-06 00:00:00,17.290556709828536,-66.03090189883926,12.27,95,0,4.15
VSL-109,2025-01-06 04:00:00,34.17628508914636,-112.31860025626047,11.33,118,0,3.82
VSL-109,2025-01-06 08:00:00,4.520212843620897,6.287021216209411,14.89,115,0,4.63
VSL-109,2025-01-06 12:00:00,-19.736445163701553,61.73122480644335,13.25,93,0,2.24
VSL-109,2025-01-06 16:00:00,-34.59872160370846,115.25449116048105,14.15,112,0,5.28
VSL-109,2025-01-06 20:00:00,-39.15715058588255,169.45892809471303,14.72,81,0,5.47
VSL-109,2025-01-07 00:00:00,-4.9637466834319,58.008611248572976,13.95,83,0,1.47
VSL-109,2025-01-07 04:00:00,-3.127879318604677,149.7818940409275,13.95,92,0,5.17
VSL-109,2025-01-07 08:00:00,5.918718392039565,-53.177174882116034,12.78,117,0,4.39
VSL-109,2025-01-07 12:00:00,15.116890072995645,-118.40091698279814,14.72,108,0,5.16
VSL-109,2025-01-07 16:00:00,27.260711480042758,64.91512282930941,12.65,115,0,5.05
VSL-109,2025-01-07 20:00:00,-12.266635308209828,-28.797852632589468,14.49,87,0,0.86
VSL-109,2025-01-08 00:00:00,-13.113392910744793,-104.22158056048129,14.22,103,0,3.24
VSL-109,2025-01-08 04:00:00,-41.779491075559825,89.27535026127947,13.97,117,0,4.77
VSL-109,2025-01-08 08:00:00,-13.45910924688706,-85.79910032422467,11.78,97,0,7.58
VSL-109,2025-01-08 12:00:00,-43.751669395378286,13.948698967750602,13.47,116,0,5.36
VSL-109,2025-01-08 16:00:00,-25.48947047234833,153.00538875725243,12.54,109,0,7.09
VSL-109,2025-01-08 20:00:00,30.883444212590774,164.49192345494157,12.1,113,0,7.49
VSL-109,2025-01-09 00:00:00,13.890850141688382,76.4497958046997,11.89,107,0,5.54
VSL-109,2025-01-09 04:00:00,-42.75654301240533,-165.0156239981833,12.35,112,0,4.44
VSL-109,2025-01-09 08:00:00,26.12492450395723,51.613150126418134,11.06,100,0,6.19
VSL-109,2025-01-09 12:00:00,1.4154585665212238,6.944525498430096,11.13,104,0,4.18
VSL-109,2025-01-09 16:00:00,10.602765915166621,171.97080578232004,13.91,99,0,3.23
VSL-109,2025-01-09 20:00:00,-9.063678158531893,130.10630439522947,11.01,82,0,7.11
VSL-109,2025-01-10 00:00:00,46.662052923148806,14.760215936751905,12.04,113,0,6.38
VSL-109,2025-01-10 04:00:00,15.501977891416345,50.892191423286306,11.85,83,0,5.69
VSL-109,2025-01-10 08:00:00,-45.181458392733795,-73.92165313947775,12.94,104,0,4.06
VSL-109,2025-01-10 12:00:00,5.173670874143966,-106.08729401486141,11.0,100,0,6.29
VSL-109,2025-01-10 16:00:00,-26.52359591919663,129.67261281999527,12.51,104,0,4.04
VSL-109,2025-01-10 20:00:00,25.590383532875506,-170.54459881711716,10.25,116,0,7.85
VSL-109,2025-01-11 00:00:00,-10.342607092144803,142.66718338522605,13.06,88,0,4.17
VSL-109,2025-01-11 04:00:00,-27.58639730506126,13.621796454421627,15.04,115,0,6.58
VSL-109,2025-01-11 08:00:00,26.95054239158594,-115.08309161901647,13.38,113,0,3.4
VSL-109,2025-01-11 12:00:00,-43.44482117079629,-90.65340785731357,12.32,96,0,8.06
VSL-109,2025-01-11 16:00:00,-48.68431601165596,146.12678353322468,12.93,88,0,3.67
VSL-109,2025-01-11 20:00:00,20.662579774221157,-28.870754361420296,13.8,103,0,5.92
VSL-109,2025-01-12 00:00:00,-14.915554417598578,-4.481875167043938,11.55,111,0,5.81
VSL-109,2025-01-12 04:00:00,-4.6216446535176345,61.40345906537286,13.52,106,0,5.62
VSL-109,2025-01-12 08:00:00,6.7544898610951165,-142.04860218448624,13.18,87,0,2.83
VSL-109,2025-01-12 12:00:00,26.078351037338777,144.69208233809252,12.96,85,0,2.5
VSL-109,2025-01-12 16:00:00,-22.099614108773345,-56.847107607920975,15.29,83,0,2.43
VSL-109,2025-01-12 20:00:00,-0.5987361232788757,-53.756220122523615,12.76,83,0,2.52
VSL-109,2025-01-13 00:00:00,-48.300618152230015,-31.168621195575497,11.08,106,0,5.32
VSL-109,2025-01-13 04:00:00,4.4600238065023206,-84.04074662879995,10.32,118,0,7.4
VSL-109,2025-01-13 08:00:00,-45.024580886456334,30.65386883744165,12.32,103,0,7.04
VSL-109,2025-01-13 12:00:00,29.543890726394736,7.289086977402803,11.63,89,0,6.67
VSL-109,2025-01-13 16:00:00,26.361060267301085,-87.36415009594359,14.88,101,0,1.82
VSL-109,2025-01-13 20:00:00,32.822999136379934,92.74210786671392,11.92,99,0,8.21
VSL-109,2025-01-14 00:00:00,7.649228688199791,-116.54896313252951,13.62,105,0,7.15
VSL-109,2025-01-14 04:00:00,45.607689143812536,159.25631223866714,12.72,117,0,7.78
VSL-109,2025-01-14 08:00:00,6.472998425248633,154.24715106919632,12.24,104,0,7.38
VSL-109,2025-01-14 12:00:00,-3.429670483962653,-61.05401057469746,14.97,83,0,3.7
VSL-109,2025-01-14 16:00:00,13.496253541624228,-48.57737532940973,13.57,110,0,4.79
VSL-109,2025-01-14 20:00:00,-31.90048923418958,-48.17477698055711,11.64,106,0,4.87
VSL-109,2025-01-15 00:00:00,-33.514426613692684,-92.52789767731313,12.22,109,0,4.96
VSL-109,2025-01-15 04:00:00,-43.28830298981199,-59.51611639686192,14.45,110,0,3.65
VSL-109,2025-01-15 08:00:00,33.70064012808909,-101.55701122584766,15.01,114,0,2.1
VSL-109,2025-01-15 12:00:00,33.34635492767097,125.89928139891794,12.87,115,0,4.68
VSL-109,2025-01-15 16:00:00,-49.344056353535194,-7.660832518447933,11.54,91,0,6.54
VSL-109,2025-01-15 20:00:00,-46.4505029642202,-87.64661429766562,14.29,118,0,1.74
VSL-109,2025-01-16 00:00:00,21.275151834232815,101.10967222213844,11.91,83,0,4.38
VSL-109,2025-01-16 04:00:00,-24.669496509113053,-171.94823957894798,14.52,98,0,6.15
VSL-109,2025-01-16 08:00:00,-4.382952063389766,115.18268632402788,10.68,87,0,6.24
VSL-109,2025-01-16 12:00:00,-6.315563836465174,115.87897902435162,9.86,101,0,6.5
VSL-109,2025-01-16 16:00:00,-39.52711983228213,49.39324968869772,14.98,108,0,2.73
VSL-109,2025-01-16 20:00:00,34.51369138578609,-107.88472156758606,11.33,82,0,4.11
VSL-109,2025-01-17 00:00:00,2.5242496319260255,-130.6485288870885,13.43,84,0,5.21
VSL-109,2025-01-17 04:00:00,3.6205290994772668,-113.54818466231907,15.73,112,0,4.5
VSL-109,2025-01-17 08:00:00,45.028732081510555,116.20448761987319,11.09,107,0,6.79
VSL-109,2025-01-17 12:00:00,-1.607248324159002,131.70186946975258,12.39,88,0,3.8
VSL-109,2025-01-17 16:00:00,28.16138993630777,-34.54351221283807,13.41,113,0,6.22
